Record_Type,Atom_ID,Atom_Type,Alt_Confmn,Residue,Chain,Residue_ID,X_Coord,Y_Coord,Z_Coord
ATOM,1,N,,ARG,A,4,-8.365,65.206,3.643
ATOM,2,CA,,ARG,A,4,-8.732,65.647,5.029
ATOM,3,C,,ARG,A,4,-7.451,65.896,5.822
ATOM,4,O,,ARG,A,4,-6.801,64.921,6.195
ATOM,5,CB,,ARG,A,4,-9.563,64.584,5.723
ATOM,6,CG,,ARG,A,4,-10.944,64.382,5.112
ATOM,7,CD,,ARG,A,4,-11.601,63.173,5.767
ATOM,8,NE,,ARG,A,4,-11.704,63.301,7.218
ATOM,9,CZ,,ARG,A,4,-12.597,64.043,7.864
ATOM,10,NH1,,ARG,A,4,-13.491,64.749,7.189
ATOM,11,NH2,,ARG,A,4,-12.607,64.086,9.19
ATOM,12,N,,ARG,A,5,-7.086,67.163,6.001
ATOM,13,CA,,ARG,A,5,-5.805,67.392,6.65
ATOM,14,C,,ARG,A,5,-5.787,67.039,8.136
ATOM,15,O,,ARG,A,5,-6.801,67.079,8.822
ATOM,16,CB,,ARG,A,5,-5.357,68.841,6.492
ATOM,17,CG,,ARG,A,5,-6.178,69.836,7.302
ATOM,18,CD,,ARG,A,5,-5.533,71.209,7.173
ATOM,19,NE,,ARG,A,5,-6.166,72.253,7.951
ATOM,20,CZ,,ARG,A,5,-5.84,72.594,9.214
ATOM,21,NH1,,ARG,A,5,-4.886,71.898,9.824
ATOM,22,NH2,,ARG,A,5,-6.463,73.584,9.804
ATOM,23,N,,GLY,A,6,-4.542,66.847,8.589
ATOM,24,CA,,GLY,A,6,-4.304,66.632,10.016
ATOM,25,C,,GLY,A,6,-4.339,67.989,10.74
ATOM,26,O,,GLY,A,6,-4.273,69.049,10.116
ATOM,27,N,,ALA,A,7,-4.416,67.903,12.064
ATOM,28,CA,,ALA,A,7,-4.389,69.079,12.92
ATOM,29,C,,ALA,A,7,-2.943,69.33,13.404
ATOM,30,O,,ALA,A,7,-2.189,68.384,13.57
ATOM,31,CB,,ALA,A,7,-5.263,68.886,14.153
ATOM,32,N,,LEU,A,8,-2.655,70.59,13.651
ATOM,33,CA,,LEU,A,8,-1.344,70.983,14.209
ATOM,34,C,,LEU,A,8,-1.616,71.37,15.657
ATOM,35,O,,LEU,A,8,-2.282,72.363,15.922
ATOM,36,CB,,LEU,A,8,-0.795,72.152,13.405
ATOM,37,CG,,LEU,A,8,0.553,72.685,13.942
ATOM,38,CD1,,LEU,A,8,1.585,71.571,13.981
ATOM,39,CD2,,LEU,A,8,1.02,73.825,13.029
ATOM,40,N,,ILE,A,9,-1.193,70.512,16.567
ATOM,41,CA,,ILE,A,9,-1.482,70.701,17.99
ATOM,42,C,,ILE,A,9,-0.183,70.982,18.734
ATOM,43,O,,ILE,A,9,0.761,70.199,18.588
ATOM,44,CB,,ILE,A,9,-2.121,69.417,18.571
ATOM,45,CG1,,ILE,A,9,-3.456,69.142,17.874
ATOM,46,CG2,,ILE,A,9,-2.307,69.596,20.073
ATOM,47,CD1,,ILE,A,9,-4.03,67.774,18.265
ATOM,48,N,,VAL,A,10,-0.122,72.112,19.431
ATOM,49,CA,,VAL,A,10,1.091,72.466,20.163
ATOM,50,C,,VAL,A,10,0.858,72.396,21.665
ATOM,51,O,,VAL,A,10,-0.202,72.856,22.125
ATOM,52,CB,,VAL,A,10,1.502,73.903,19.783
ATOM,53,CG1,,VAL,A,10,2.536,74.475,20.746
ATOM,54,CG2,,VAL,A,10,2.058,73.919,18.375
ATOM,55,N,,LEU,A,11,1.865,71.912,22.391
ATOM,56,CA,,LEU,A,11,1.836,71.934,23.853
ATOM,57,C,,LEU,A,11,2.903,72.935,24.318
ATOM,58,O,,LEU,A,11,4.073,72.85,23.933
ATOM,59,CB,,LEU,A,11,2.095,70.59,24.552
ATOM,60,CG,,LEU,A,11,0.932,69.603,24.472
ATOM,61,CD1,,LEU,A,11,0.839,68.939,23.094
ATOM,62,CD2,,LEU,A,11,1.111,68.535,25.555
ATOM,63,N,,GLU,A,12,2.471,73.865,25.157
ATOM,64,CA,,GLU,A,12,3.337,74.852,25.793
ATOM,65,C,,GLU,A,12,3.086,74.845,27.308
ATOM,66,O,,GLU,A,12,2.143,74.182,27.762
ATOM,67,CB,,GLU,A,12,3.043,76.26,25.253
ATOM,68,CG,,GLU,A,12,3.491,76.494,23.811
ATOM,69,CD,,GLU,A,12,4.987,76.669,23.673
ATOM,70,OE1,,GLU,A,12,5.412,77.026,22.541
ATOM,71,OE2,,GLU,A,12,5.738,76.435,24.643
ATOM,72,N,,GLY,A,13,3.971,75.505,28.041
ATOM,73,CA,,GLY,A,13,3.89,75.573,29.502
ATOM,74,C,,GLY,A,13,5.305,75.858,30.052
ATOM,75,O,,GLY,A,13,6.301,75.815,29.333
ATOM,76,N,,VAL,A,14,5.367,76.254,31.323
ATOM,77,CA,,VAL,A,14,6.647,76.538,31.969
ATOM,78,C,,VAL,A,14,7.432,75.232,32.095
ATOM,79,O,,VAL,A,14,6.847,74.161,31.868
ATOM,80,CB,,VAL,A,14,6.436,77.154,33.362
ATOM,81,CG1,,VAL,A,14,5.866,78.563,33.264
ATOM,82,CG2,,VAL,A,14,5.468,76.298,34.177
ATOM,83,N,,ASP,A,15,8.705,75.31,32.473
ATOM,84,CA,,ASP,A,15,9.482,74.086,32.639
ATOM,85,C,,ASP,A,15,8.824,73.142,33.647
ATOM,86,O,,ASP,A,15,8.32,73.525,34.693
ATOM,87,CB,,ASP,A,15,10.923,74.359,33.073
ATOM,88,CG,,ASP,A,15,11.715,75.102,32.01
ATOM,89,OD1,,ASP,A,15,11.097,75.624,31.064
ATOM,90,OD2,,ASP,A,15,12.954,75.152,32.137
ATOM,91,N,,ARG,A,16,8.854,71.847,33.319
ATOM,92,CA,,ARG,A,16,8.306,70.794,34.158
ATOM,93,C,,ARG,A,16,6.806,70.705,34.306
ATOM,94,O,,ARG,A,16,6.302,69.94,35.118
ATOM,95,CB,,ARG,A,16,8.924,70.84,35.583
ATOM,96,CG,,ARG,A,16,10.438,70.766,35.465
ATOM,97,CD,,ARG,A,16,11.1,70.565,36.82
ATOM,98,NE,,ARG,A,16,12.531,70.85,36.701
ATOM,99,CZ,,ARG,A,16,13.199,70.802,35.552
ATOM,100,NH1,,ARG,A,16,12.604,70.501,34.404
ATOM,101,NH2,,ARG,A,16,14.498,71.08,35.545
ATOM,102,N,,ALA,A,17,6.064,71.41,33.459
ATOM,103,CA,,ALA,A,17,4.62,71.373,33.438
ATOM,104,C,,ALA,A,17,4.092,70.03,32.937
ATOM,105,O,,ALA,A,17,2.939,69.723,33.198
ATOM,106,CB,,ALA,A,17,4.116,72.484,32.515
ATOM,107,N,,GLY,A,18,4.919,69.246,32.242
ATOM,108,CA,,GLY,A,18,4.465,67.974,31.705
ATOM,109,C,,GLY,A,18,4.321,67.931,30.18
ATOM,110,O,,GLY,A,18,3.686,67.042,29.595
ATOM,111,N,,LYS,A,19,4.915,68.895,29.5
ATOM,112,CA,,LYS,A,19,4.799,69.01,28.046
ATOM,113,C,,LYS,A,19,5.262,67.746,27.342
ATOM,114,O,,LYS,A,19,4.608,67.25,26.423
ATOM,115,CB,,LYS,A,19,5.614,70.201,27.515
ATOM,116,CG,,LYS,A,19,5.135,71.555,28.066
ATOM,117,CD,,LYS,A,19,6.029,72.688,27.54
ATOM,118,CE,,LYS,A,19,7.439,72.7,28.097
ATOM,119,NZ,,LYS,A,19,7.488,72.727,29.59
ATOM,120,N,,SER,A,20,6.46,67.277,27.708
ATOM,121,CA,,SER,A,20,6.971,66.117,26.975
ATOM,122,C,,SER,A,20,6.197,64.858,27.304
ATOM,123,O,,SER,A,20,5.856,64.087,26.387
ATOM,124,CB,,SER,A,20,8.462,65.954,27.288
ATOM,125,OG,,SER,A,20,9.102,67.172,26.87
ATOM,126,N,,THR,A,21,5.912,64.662,28.589
ATOM,127,CA,,THR,A,21,5.126,63.473,28.94
ATOM,128,C,,THR,A,21,3.795,63.468,28.192
ATOM,129,O,,THR,A,21,3.368,62.447,27.645
ATOM,130,CB,,THR,A,21,4.891,63.424,30.453
ATOM,131,OG1,,THR,A,21,6.171,63.319,31.111
ATOM,132,CG2,,THR,A,21,4.051,62.238,30.878
ATOM,133,N,,GLN,A,22,3.094,64.61,28.28
ATOM,134,CA,,GLN,A,22,1.77,64.674,27.644
ATOM,135,C,,GLN,A,22,1.83,64.647,26.126
ATOM,136,O,,GLN,A,22,0.889,64.089,25.521
ATOM,137,CB,,GLN,A,22,1.005,65.908,28.131
ATOM,138,CG,,GLN,A,22,0.737,65.899,29.632
ATOM,139,CD,,GLN,A,22,-0.105,64.716,30.083
ATOM,140,OE1,,GLN,A,22,-0.843,64.153,29.3
ATOM,141,NE2,,GLN,A,22,0.029,64.321,31.358
ATOM,142,N,,SER,A,23,2.904,65.158,25.527
ATOM,143,CA,,SER,A,23,2.984,65.055,24.059
ATOM,144,C,,SER,A,23,3.141,63.6,23.651
ATOM,145,O,,SER,A,23,2.474,63.124,22.74
ATOM,146,CB,,SER,A,23,4.128,65.902,23.479
ATOM,147,OG,A,SER,A,23,3.995,67.254,23.812
ATOM,148,OG,B,SER,A,23,5.387,65.617,24.005
ATOM,149,N,,ARG,A,24,4.008,62.861,24.355
ATOM,150,CA,,ARG,A,24,4.215,61.447,24.043
ATOM,151,C,,ARG,A,24,2.922,60.676,24.263
ATOM,152,O,,ARG,A,24,2.548,59.892,23.367
ATOM,153,CB,,ARG,A,24,5.266,60.814,24.98
ATOM,154,CG,,ARG,A,24,6.676,61.352,24.722
ATOM,155,CD,,ARG,A,24,7.711,60.559,25.519
ATOM,156,NE,,ARG,A,24,7.441,60.604,26.952
ATOM,157,CZ,,ARG,A,24,8.043,61.455,27.782
ATOM,158,NH1,,ARG,A,24,8.915,62.364,27.338
ATOM,159,NH2,,ARG,A,24,7.735,61.373,29.072
ATOM,160,N,,LYS,A,25,2.27,60.866,25.399
ATOM,161,CA,,LYS,A,25,1.038,60.112,25.668
ATOM,162,C,,LYS,A,25,-0.073,60.487,24.686
ATOM,163,O,,LYS,A,25,-0.876,59.625,24.328
ATOM,164,CB,,LYS,A,25,0.537,60.344,27.098
ATOM,165,CG,,LYS,A,25,1.458,59.7,28.148
ATOM,166,CD,,LYS,A,25,0.886,59.886,29.54
ATOM,167,CE,,LYS,A,25,-0.397,59.108,29.793
ATOM,168,NZ,,LYS,A,25,-0.142,57.633,29.764
ATOM,169,N,,LEU,A,26,-0.11,61.731,24.23
ATOM,170,CA,,LEU,A,26,-1.174,62.111,23.302
ATOM,171,C,,LEU,A,26,-0.97,61.397,21.982
ATOM,172,O,,LEU,A,26,-1.954,60.887,21.426
ATOM,173,CB,,LEU,A,26,-1.149,63.635,23.105
ATOM,174,CG,,LEU,A,26,-2.154,64.164,22.074
ATOM,175,CD1,,LEU,A,26,-3.575,63.712,22.416
ATOM,176,CD2,,LEU,A,26,-2.07,65.676,21.977
ATOM,177,N,,VAL,A,27,0.239,61.358,21.432
ATOM,178,CA,,VAL,A,27,0.449,60.689,20.139
ATOM,179,C,,VAL,A,27,0.112,59.211,20.295
ATOM,180,O,,VAL,A,27,-0.553,58.656,19.422
ATOM,181,CB,,VAL,A,27,1.891,60.914,19.63
ATOM,182,CG1,,VAL,A,27,2.164,60.03,18.424
ATOM,183,CG2,,VAL,A,27,2.082,62.388,19.322
ATOM,184,N,,GLU,A,28,0.528,58.611,21.401
ATOM,185,CA,,GLU,A,28,0.205,57.185,21.599
ATOM,186,C,,GLU,A,28,-1.293,56.958,21.61
ATOM,187,O,,GLU,A,28,-1.805,56.042,20.951
ATOM,188,CB,,GLU,A,28,0.853,56.759,22.929
ATOM,189,CG,,GLU,A,28,0.442,55.395,23.469
ATOM,190,CD,,GLU,A,28,1.064,55.08,24.818
ATOM,191,OE1,,GLU,A,28,1.174,55.924,25.726
ATOM,192,OE2,,GLU,A,28,1.498,53.91,24.984
ATOM,193,N,,ALA,A,29,-2.029,57.791,22.33
ATOM,194,CA,,ALA,A,29,-3.481,57.607,22.436
ATOM,195,C,,ALA,A,29,-4.177,57.855,21.109
ATOM,196,O,,ALA,A,29,-5.15,57.15,20.775
ATOM,197,CB,,ALA,A,29,-4.038,58.504,23.522
ATOM,198,N,,LEU,A,30,-3.743,58.882,20.394
ATOM,199,CA,,LEU,A,30,-4.387,59.168,19.108
ATOM,200,C,,LEU,A,30,-4.167,58.006,18.158
ATOM,201,O,,LEU,A,30,-5.131,57.587,17.482
ATOM,202,CB,,LEU,A,30,-3.82,60.473,18.533
ATOM,203,CG,,LEU,A,30,-4.22,61.738,19.308
ATOM,204,CD1,,LEU,A,30,-3.534,62.948,18.669
ATOM,205,CD2,,LEU,A,30,-5.734,61.924,19.325
ATOM,206,N,,CYS,A,31,-2.943,57.476,18.059
ATOM,207,CA,,CYS,A,31,-2.689,56.37,17.14
ATOM,208,C,,CYS,A,31,-3.473,55.126,17.56
ATOM,209,O,,CYS,A,31,-3.989,54.418,16.682
ATOM,210,CB,,CYS,A,31,-1.191,56.049,17.088
ATOM,211,SG,,CYS,A,31,-0.221,57.335,16.286
ATOM,212,N,,ALA,A,32,-3.623,54.91,18.868
ATOM,213,CA,,ALA,A,32,-4.387,53.735,19.32
ATOM,214,C,,ALA,A,32,-5.862,53.884,18.982
ATOM,215,O,,ALA,A,32,-6.597,52.886,18.97
ATOM,216,CB,,ALA,A,32,-4.214,53.488,20.798
ATOM,217,N,,ALA,A,33,-6.327,55.109,18.76
ATOM,218,CA,,ALA,A,33,-7.692,55.416,18.426
ATOM,219,C,,ALA,A,33,-7.858,55.548,16.913
ATOM,220,O,,ALA,A,33,-8.882,56.091,16.459
ATOM,221,CB,,ALA,A,33,-8.206,56.643,19.163
ATOM,222,N,,GLY,A,34,-6.922,55.035,16.124
ATOM,223,CA,,GLY,A,34,-7.013,55.02,14.687
ATOM,224,C,,GLY,A,34,-6.599,56.264,13.938
ATOM,225,O,,GLY,A,34,-6.796,56.351,12.725
ATOM,226,N,,HIS,A,35,-6.114,57.286,14.663
ATOM,227,CA,,HIS,A,35,-5.643,58.46,13.92
ATOM,228,C,,HIS,A,35,-4.203,58.227,13.452
ATOM,229,O,,HIS,A,35,-3.492,57.419,14.053
ATOM,230,CB,,HIS,A,35,-5.569,59.674,14.834
ATOM,231,CG,,HIS,A,35,-6.87,60.114,15.421
ATOM,232,ND1,,HIS,A,35,-7.749,60.884,14.678
ATOM,233,CD2,,HIS,A,35,-7.416,59.906,16.64
ATOM,234,CE1,,HIS,A,35,-8.788,61.147,15.452
ATOM,235,NE2,,HIS,A,35,-8.616,60.582,16.623
ATOM,236,N,,ARG,A,36,-3.799,58.964,12.439
ATOM,237,CA,,ARG,A,36,-2.403,59.036,12.064
ATOM,238,C,,ARG,A,36,-1.87,60.304,12.769
ATOM,239,O,,ARG,A,36,-2.342,61.396,12.477
ATOM,240,CB,,ARG,A,36,-2.203,59.154,10.557
ATOM,241,CG,,ARG,A,36,-2.768,57.926,9.832
ATOM,242,CD,,ARG,A,36,-2.736,58.149,8.325
ATOM,243,NE,,ARG,A,36,-1.372,58.358,7.839
ATOM,244,CZ,,ARG,A,36,-1.128,59.025,6.712
ATOM,245,NH1,,ARG,A,36,-2.16,59.519,6.042
ATOM,246,NH2,,ARG,A,36,0.114,59.204,6.285
ATOM,247,N,,ALA,A,37,-0.993,60.094,13.731
ATOM,248,CA,,ALA,A,37,-0.453,61.234,14.477
ATOM,249,C,,ALA,A,37,1.017,60.959,14.736
ATOM,250,O,,ALA,A,37,1.434,59.807,14.934
ATOM,251,CB,,ALA,A,37,-1.176,61.416,15.8
ATOM,252,N,,GLU,A,38,1.79,62.055,14.693
ATOM,253,CA,,GLU,A,38,3.209,61.951,14.946
ATOM,254,C,,GLU,A,38,3.674,63.074,15.885
ATOM,255,O,,GLU,A,38,3.047,64.132,15.938
ATOM,256,CB,,GLU,A,38,4.003,61.977,13.626
ATOM,257,CG,,GLU,A,38,3.697,60.782,12.731
ATOM,258,CD,,GLU,A,38,4.429,60.825,11.405
ATOM,259,OE1,,GLU,A,38,3.89,60.301,10.405
ATOM,260,OE2,,GLU,A,38,5.549,61.372,11.344
ATOM,261,N,,LEU,A,39,4.765,62.808,16.566
ATOM,262,CA,,LEU,A,39,5.365,63.743,17.506
ATOM,263,C,,LEU,A,39,6.516,64.546,16.906
ATOM,264,O,,LEU,A,39,7.428,64.016,16.272
ATOM,265,CB,,LEU,A,39,5.9,62.919,18.691
ATOM,266,CG,,LEU,A,39,6.548,63.697,19.828
ATOM,267,CD1,,LEU,A,39,5.534,64.599,20.501
ATOM,268,CD2,,LEU,A,39,7.15,62.704,20.832
ATOM,269,N,,LEU,A,40,6.491,65.83,17.228
ATOM,270,CA,,LEU,A,40,7.609,66.724,16.909
ATOM,271,C,,LEU,A,40,7.974,67.493,18.177
ATOM,272,O,,LEU,A,40,7.16,67.567,19.114
ATOM,273,CB,,LEU,A,40,7.251,67.753,15.843
ATOM,274,CG,,LEU,A,40,6.938,67.239,14.442
ATOM,275,CD1,,LEU,A,40,6.635,68.389,13.48
ATOM,276,CD2,,LEU,A,40,8.074,66.384,13.904
ATOM,277,N,,ARG,A,41,9.181,68.075,18.202
ATOM,278,CA,,ARG,A,41,9.529,68.907,19.359
ATOM,279,C,,ARG,A,41,10.447,70.033,18.879
ATOM,280,O,,ARG,A,41,11.087,69.916,17.826
ATOM,281,CB,,ARG,A,41,10.214,68.155,20.491
ATOM,282,CG,,ARG,A,41,11.703,67.922,20.246
ATOM,283,CD,,ARG,A,41,11.925,67.047,19.032
ATOM,284,NE,,ARG,A,41,11.102,65.833,19.163
ATOM,285,CZ,,ARG,A,41,10.769,65.115,18.096
ATOM,286,NH1,,ARG,A,41,11.179,65.494,16.894
ATOM,287,NH2,,ARG,A,41,10.006,64.043,18.267
ATOM,288,N,,PHE,A,42,10.432,71.099,19.661
ATOM,289,CA,,PHE,A,42,11.377,72.185,19.378
ATOM,290,C,,PHE,A,42,12.062,72.538,20.675
ATOM,291,O,,PHE,A,42,11.412,72.6,21.726
ATOM,292,CB,,PHE,A,42,10.684,73.393,18.732
ATOM,293,CG,,PHE,A,42,10.256,73.039,17.318
ATOM,294,CD1,,PHE,A,42,8.923,72.777,17.029
ATOM,295,CD2,,PHE,A,42,11.221,72.963,16.32
ATOM,296,CE1,,PHE,A,42,8.564,72.421,15.741
ATOM,297,CE2,,PHE,A,42,10.84,72.623,15.031
ATOM,298,CZ,,PHE,A,42,9.512,72.33,14.733
ATOM,299,N,,PRO,A,43,13.354,72.843,20.635
ATOM,300,CA,,PRO,A,43,14.168,72.744,19.457
ATOM,301,C,,PRO,A,43,14.338,71.293,19.007
ATOM,302,O,,PRO,A,43,14.321,70.336,19.79
ATOM,303,CB,,PRO,A,43,15.552,73.25,19.913
ATOM,304,CG,,PRO,A,43,15.569,72.9,21.371
ATOM,305,CD,,PRO,A,43,14.168,73.169,21.836
ATOM,306,N,,GLU,A,44,14.512,71.169,17.704
ATOM,307,CA,,GLU,A,44,14.795,69.873,17.076
ATOM,308,C,,GLU,A,44,16.32,69.842,17.012
ATOM,309,O,,GLU,A,44,16.915,70.454,16.125
ATOM,310,CB,,GLU,A,44,14.106,69.804,15.72
ATOM,311,CG,,GLU,A,44,14.494,68.608,14.857
ATOM,312,CD,,GLU,A,44,14.351,67.31,15.636
ATOM,313,OE1,,GLU,A,44,13.181,67.035,16.008
ATOM,314,OE2,,GLU,A,44,15.367,66.632,15.887
ATOM,315,N,,ARG,A,45,16.93,69.097,17.936
ATOM,316,CA,,ARG,A,45,18.391,69.139,18.029
ATOM,317,C,,ARG,A,45,19.149,68.308,17.032
ATOM,318,O,,ARG,A,45,20.394,68.368,17.077
ATOM,319,CB,,ARG,A,45,18.759,68.732,19.466
ATOM,320,CG,,ARG,A,45,18.098,69.549,20.552
ATOM,321,CD,,ARG,A,45,18.622,69.213,21.948
ATOM,322,NE,,ARG,A,45,17.829,69.891,22.976
ATOM,323,CZ,,ARG,A,45,18.385,70.402,24.077
ATOM,324,NH1,,ARG,A,45,19.693,70.312,24.258
ATOM,325,NH2,,ARG,A,45,17.619,70.995,24.975
ATOM,326,N,,SER,A,46,18.501,67.563,16.167
ATOM,327,CA,,SER,A,46,19.143,66.674,15.225
ATOM,328,C,,SER,A,46,19.804,67.406,14.062
ATOM,329,O,,SER,A,46,20.71,66.85,13.446
ATOM,330,CB,,SER,A,46,18.153,65.631,14.692
ATOM,331,OG,,SER,A,46,17.109,66.213,13.927
ATOM,332,N,,THR,A,47,19.352,68.626,13.772
ATOM,333,CA,,THR,A,47,19.91,69.33,12.604
ATOM,334,C,,THR,A,47,21.158,70.116,12.977
ATOM,335,O,,THR,A,47,21.473,70.301,14.165
ATOM,336,CB,,THR,A,47,18.872,70.314,12.024
ATOM,337,OG1,,THR,A,47,18.674,71.37,12.988
ATOM,338,CG2,,THR,A,47,17.544,69.646,11.71
ATOM,339,N,,GLU,A,48,21.847,70.638,11.971
ATOM,340,CA,,GLU,A,48,23.03,71.461,12.242
ATOM,341,C,,GLU,A,48,22.647,72.61,13.166
ATOM,342,O,,GLU,A,48,23.356,72.877,14.14
ATOM,343,CB,,GLU,A,48,23.64,71.976,10.936
ATOM,344,CG,,GLU,A,48,24.058,70.826,10.019
ATOM,345,CD,,GLU,A,48,24.262,71.3,8.591
ATOM,346,OE1,,GLU,A,48,23.259,71.555,7.885
ATOM,347,OE2,,GLU,A,48,25.436,71.431,8.178
ATOM,348,N,,ILE,A,49,21.547,73.295,12.832
ATOM,349,CA,,ILE,A,49,21.104,74.384,13.732
ATOM,350,C,,ILE,A,49,20.745,73.861,15.097
ATOM,351,O,,ILE,A,49,21.102,74.458,16.131
ATOM,352,CB,,ILE,A,49,19.935,75.183,13.114
ATOM,353,CG1,,ILE,A,49,20.433,75.996,11.905
ATOM,354,CG2,,ILE,A,49,19.309,76.094,14.148
ATOM,355,CD1,,ILE,A,49,19.28,76.564,11.089
ATOM,356,N,,GLY,A,50,20.022,72.745,15.147
ATOM,357,CA,,GLY,A,50,19.632,72.139,16.414
ATOM,358,C,,GLY,A,50,20.85,71.816,17.257
ATOM,359,O,,GLY,A,50,20.766,71.973,18.488
ATOM,360,N,,LYS,A,51,21.936,71.352,16.678
ATOM,361,CA,,LYS,A,51,23.132,71.05,17.481
ATOM,362,C,,LYS,A,51,23.724,72.277,18.14
ATOM,363,O,,LYS,A,51,24.159,72.233,19.297
ATOM,364,CB,,LYS,A,51,24.219,70.361,16.641
ATOM,365,CG,,LYS,A,51,23.798,68.964,16.205
ATOM,366,CD,,LYS,A,51,24.805,68.414,15.201
ATOM,367,CE,,LYS,A,51,24.287,67.134,14.565
ATOM,368,NZ,,LYS,A,51,24.16,66.031,15.556
ATOM,369,N,,LEU,A,52,23.76,73.415,17.441
ATOM,370,CA,,LEU,A,52,24.225,74.671,18.012
ATOM,371,C,,LEU,A,52,23.332,75.102,19.177
ATOM,372,O,,LEU,A,52,23.781,75.6,20.2
ATOM,373,CB,,LEU,A,52,24.182,75.76,16.945
ATOM,374,CG,,LEU,A,52,25.005,75.615,15.678
ATOM,375,CD1,,LEU,A,52,24.739,76.786,14.737
ATOM,376,CD2,,LEU,A,52,26.489,75.536,16.023
ATOM,377,N,,LEU,A,53,22.04,74.88,19.022
ATOM,378,CA,,LEU,A,53,21.082,75.242,20.062
ATOM,379,C,,LEU,A,53,21.247,74.34,21.283
ATOM,380,O,,LEU,A,53,21.093,74.794,22.407
ATOM,381,CB,,LEU,A,53,19.647,75.101,19.534
ATOM,382,CG,,LEU,A,53,19.284,76.167,18.49
ATOM,383,CD1,,LEU,A,53,17.912,75.802,17.916
ATOM,384,CD2,,LEU,A,53,19.311,77.553,19.092
ATOM,385,N,,SER,A,54,21.516,73.063,21.027
ATOM,386,CA,,SER,A,54,21.69,72.114,22.132
ATOM,387,C,,SER,A,54,22.939,72.478,22.921
ATOM,388,O,,SER,A,54,22.909,72.485,24.149
ATOM,389,CB,,SER,A,54,21.824,70.689,21.59
ATOM,390,OG,,SER,A,54,21.8,69.794,22.702
ATOM,391,N,,SER,A,55,24.002,72.836,22.189
ATOM,392,CA,,SER,A,55,25.236,73.22,22.89
ATOM,393,C,,SER,A,55,25.018,74.471,23.72
ATOM,394,O,,SER,A,55,25.421,74.527,24.889
ATOM,395,CB,,SER,A,55,26.361,73.386,21.869
ATOM,396,OG,,SER,A,55,27.478,74.024,22.486
ATOM,397,N,,TYR,A,56,24.269,75.444,23.192
ATOM,398,CA,,TYR,A,56,23.955,76.662,23.917
ATOM,399,C,,TYR,A,56,23.178,76.384,25.201
ATOM,400,O,,TYR,A,56,23.504,76.918,26.278
ATOM,401,CB,,TYR,A,56,23.128,77.612,23.031
ATOM,402,CG,,TYR,A,56,22.565,78.83,23.73
ATOM,403,CD1,,TYR,A,56,23.374,79.898,24.088
ATOM,404,CD2,,TYR,A,56,21.222,78.918,24.039
ATOM,405,CE1,,TYR,A,56,22.86,81.019,24.713
ATOM,406,CE2,,TYR,A,56,20.687,80.019,24.678
ATOM,407,CZ,,TYR,A,56,21.515,81.07,25.017
ATOM,408,OH,,TYR,A,56,20.972,82.164,25.651
ATOM,409,N,,LEU,A,57,22.117,75.579,25.102
ATOM,410,CA,,LEU,A,57,21.289,75.303,26.282
ATOM,411,C,,LEU,A,57,22.065,74.555,27.359
ATOM,412,O,,LEU,A,57,21.76,74.717,28.549
ATOM,413,CB,,LEU,A,57,20.052,74.503,25.85
ATOM,414,CG,,LEU,A,57,19.046,75.311,25.022
ATOM,415,CD1,,LEU,A,57,18.02,74.352,24.409
ATOM,416,CD2,,LEU,A,57,18.411,76.4,25.868
ATOM,417,N,,GLN,A,58,23.026,73.754,26.928
ATOM,418,CA,,GLN,A,58,23.86,72.988,27.851
ATOM,419,C,,GLN,A,58,24.961,73.851,28.459
ATOM,420,O,,GLN,A,58,25.722,73.409,29.325
ATOM,421,CB,,GLN,A,58,24.486,71.808,27.098
ATOM,422,CG,,GLN,A,58,23.488,70.687,26.825
ATOM,423,CD,,GLN,A,58,24.105,69.592,25.978
ATOM,424,OE1,,GLN,A,58,24.928,68.827,26.486
ATOM,425,NE2,,GLN,A,58,23.727,69.513,24.704
ATOM,426,N,,LYS,A,59,25.055,75.089,27.99
ATOM,427,CA,,LYS,A,59,26.067,76.024,28.467
ATOM,428,C,,LYS,A,59,27.456,75.59,28.015
ATOM,429,O,,LYS,A,59,28.446,75.949,28.65
ATOM,430,CB,,LYS,A,59,26.053,76.161,29.99
ATOM,431,CG,,LYS,A,59,24.734,76.642,30.568
ATOM,432,CD,,LYS,A,59,24.846,76.756,32.086
ATOM,433,CE,,LYS,A,59,23.496,76.912,32.755
ATOM,434,NZ,,LYS,A,59,23.631,76.946,34.243
ATOM,435,N,,LYS,A,60,27.523,74.821,26.941
ATOM,436,CA,,LYS,A,60,28.792,74.361,26.387
ATOM,437,C,,LYS,A,60,29.289,75.397,25.387
ATOM,438,O,,LYS,A,60,30.429,75.417,24.939
ATOM,439,CB,,LYS,A,60,28.647,72.984,25.738
ATOM,440,CG,,LYS,A,60,28.407,71.907,26.792
ATOM,441,CD,,LYS,A,60,28.23,70.52,26.193
ATOM,442,CE,,LYS,A,60,27.809,69.54,27.283
ATOM,443,NZ,,LYS,A,60,27.324,68.25,26.724
ATOM,444,N,,SER,A,61,28.366,76.301,25.042
ATOM,445,CA,,SER,A,61,28.711,77.396,24.147
ATOM,446,C,,SER,A,61,27.875,78.617,24.522
ATOM,447,O,,SER,A,61,26.809,78.514,25.124
ATOM,448,CB,,SER,A,61,28.5,77.04,22.683
ATOM,449,OG,,SER,A,61,27.115,76.954,22.384
ATOM,450,N,,ASP,A,62,28.426,79.775,24.188
ATOM,451,CA,,ASP,A,62,27.738,81.036,24.418
ATOM,452,C,,ASP,A,62,27.382,81.558,23.018
ATOM,453,O,,ASP,A,62,28.137,81.392,22.062
ATOM,454,CB,,ASP,A,62,28.559,82.028,25.216
ATOM,455,CG,,ASP,A,62,28.831,81.599,26.643
ATOM,456,OD1,,ASP,A,62,27.982,80.943,27.285
ATOM,457,OD2,,ASP,A,62,29.933,81.936,27.133
ATOM,458,N,,VAL,A,63,26.188,82.104,22.931
ATOM,459,CA,,VAL,A,63,25.667,82.645,21.685
ATOM,460,C,,VAL,A,63,24.987,83.969,22.016
ATOM,461,O,,VAL,A,63,24.231,84.094,22.99
ATOM,462,CB,,VAL,A,63,24.656,81.704,21.003
ATOM,463,CG1,,VAL,A,63,24.232,82.258,19.642
ATOM,464,CG2,,VAL,A,63,25.235,80.298,20.854
ATOM,465,N,,GLU,A,64,25.291,84.974,21.218
ATOM,466,CA,,GLU,A,64,24.676,86.295,21.372
ATOM,467,C,,GLU,A,64,23.16,86.15,21.377
ATOM,468,O,,GLU,A,64,22.625,85.324,20.619
ATOM,469,CB,,GLU,A,64,25.218,87.175,20.23
ATOM,470,CG,,GLU,A,64,24.942,88.637,20.409
ATOM,471,CD,,GLU,A,64,23.548,89.099,20.085
ATOM,472,OE1,,GLU,A,64,23.106,90.147,20.592
ATOM,473,OE2,,GLU,A,64,22.863,88.397,19.293
ATOM,474,N,,ASP,A,65,22.439,86.863,22.227
ATOM,475,CA,,ASP,A,65,21.018,86.635,22.463
ATOM,476,C,,ASP,A,65,20.122,86.779,21.247
ATOM,477,O,,ASP,A,65,19.133,86.046,21.099
ATOM,478,CB,,ASP,A,65,20.459,87.54,23.57
ATOM,479,CG,,ASP,A,65,20.938,87.219,24.972
ATOM,480,OD1,,ASP,A,65,21.052,88.182,25.768
ATOM,481,OD2,,ASP,A,65,21.202,86.047,25.264
ATOM,482,N,,HIS,A,66,20.378,87.758,20.399
ATOM,483,CA,,HIS,A,66,19.574,87.91,19.176
ATOM,484,C,,HIS,A,66,19.888,86.759,18.232
ATOM,485,O,,HIS,A,66,18.98,86.179,17.623
ATOM,486,CB,,HIS,A,66,19.902,89.235,18.494
ATOM,487,CG,,HIS,A,66,19.621,90.449,19.329
ATOM,488,ND1,,HIS,A,66,20.561,90.88,20.264
ATOM,489,CD2,,HIS,A,66,18.582,91.295,19.359
ATOM,490,CE1,,HIS,A,66,20.048,91.96,20.832
ATOM,491,NE2,,HIS,A,66,18.869,92.253,20.328
ATOM,492,N,,SER,A,67,21.177,86.462,18.039
ATOM,493,CA,,SER,A,67,21.552,85.359,17.175
ATOM,494,C,,SER,A,67,20.875,84.06,17.604
ATOM,495,O,,SER,A,67,20.309,83.3,16.787
ATOM,496,CB,,SER,A,67,23.07,85.12,17.182
ATOM,497,OG,A,SER,A,67,23.375,83.948,16.479
ATOM,498,OG,B,SER,A,67,23.791,86.241,16.738
ATOM,499,N,,VAL,A,68,20.899,83.735,18.903
ATOM,500,CA,,VAL,A,68,20.301,82.475,19.342
ATOM,501,C,,VAL,A,68,18.79,82.474,19.151
ATOM,502,O,,VAL,A,68,18.208,81.453,18.757
ATOM,503,CB,,VAL,A,68,20.75,82.088,20.751
ATOM,504,CG1,,VAL,A,68,19.996,82.814,21.827
ATOM,505,CG2,,VAL,A,68,20.673,80.561,20.875
ATOM,506,N,,HIS,A,69,18.148,83.613,19.379
ATOM,507,CA,,HIS,A,69,16.719,83.715,19.102
ATOM,508,C,,HIS,A,69,16.39,83.356,17.655
ATOM,509,O,,HIS,A,69,15.464,82.593,17.345
ATOM,510,CB,,HIS,A,69,16.264,85.149,19.386
ATOM,511,CG,,HIS,A,69,14.788,85.272,19.221
ATOM,512,ND1,,HIS,A,69,13.908,84.816,20.187
ATOM,513,CD2,,HIS,A,69,14.046,85.801,18.216
ATOM,514,CE1,,HIS,A,69,12.683,85.04,19.767
ATOM,515,NE2,,HIS,A,69,12.722,85.633,18.584
ATOM,516,N,,LEU,A,70,17.204,83.869,16.73
ATOM,517,CA,,LEU,A,70,16.978,83.614,15.288
ATOM,518,C,,LEU,A,70,17.267,82.184,14.934
ATOM,519,O,,LEU,A,70,16.556,81.602,14.085
ATOM,520,CB,,LEU,A,70,17.834,84.615,14.488
ATOM,521,CG,,LEU,A,70,17.468,86.08,14.739
ATOM,522,CD1,,LEU,A,70,18.348,87.063,13.978
ATOM,523,CD2,,LEU,A,70,16.022,86.386,14.354
ATOM,524,N,,LEU,A,71,18.254,81.548,15.58
ATOM,525,CA,,LEU,A,71,18.525,80.135,15.379
ATOM,526,C,,LEU,A,71,17.325,79.281,15.813
ATOM,527,O,,LEU,A,71,16.947,78.357,15.101
ATOM,528,CB,,LEU,A,71,19.771,79.673,16.143
ATOM,529,CG,,LEU,A,71,21.103,80.292,15.692
ATOM,530,CD1,,LEU,A,71,22.248,79.749,16.542
ATOM,531,CD2,,LEU,A,71,21.379,79.979,14.224
ATOM,532,N,,PHE,A,72,16.735,79.646,16.969
ATOM,533,CA,,PHE,A,72,15.555,78.885,17.422
ATOM,534,C,,PHE,A,72,14.424,78.978,16.387
ATOM,535,O,,PHE,A,72,13.758,77.989,16.118
ATOM,536,CB,,PHE,A,72,15.069,79.38,18.785
ATOM,537,CG,,PHE,A,72,15.721,78.772,19.993
ATOM,538,CD1,,PHE,A,72,16.519,79.574,20.798
ATOM,539,CD2,,PHE,A,72,15.51,77.448,20.324
ATOM,540,CE1,,PHE,A,72,17.098,79.0,21.934
ATOM,541,CE2,,PHE,A,72,16.082,76.885,21.457
ATOM,542,CZ,,PHE,A,72,16.877,77.683,22.269
ATOM,543,N,,SER,A,73,14.226,80.152,15.803
ATOM,544,CA,,SER,A,73,13.164,80.318,14.786
ATOM,545,C,,SER,A,73,13.569,79.619,13.503
ATOM,546,O,,SER,A,73,12.731,78.901,12.903
ATOM,547,CB,,SER,A,73,12.883,81.811,14.59
ATOM,548,OG,,SER,A,73,11.945,81.894,13.53
ATOM,549,N,,ALA,A,74,14.818,79.711,13.069
ATOM,550,CA,,ALA,A,74,15.276,79.015,11.872
ATOM,551,C,,ALA,A,74,15.094,77.51,12.011
ATOM,552,O,,ALA,A,74,14.762,76.865,11.005
ATOM,553,CB,,ALA,A,74,16.724,79.357,11.572
ATOM,554,N,,ASN,A,75,15.279,76.981,13.21
ATOM,555,CA,,ASN,A,75,15.062,75.555,13.481
ATOM,556,C,,ASN,A,75,13.615,75.151,13.288
ATOM,557,O,,ASN,A,75,13.335,74.005,12.938
ATOM,558,CB,,ASN,A,75,15.564,75.312,14.911
ATOM,559,CG,,ASN,A,75,15.538,73.892,15.404
ATOM,560,OD1,,ASN,A,75,14.877,73.572,16.39
ATOM,561,ND2,,ASN,A,75,16.277,72.987,14.776
ATOM,562,N,,ARG,A,76,12.656,76.06,13.507
ATOM,563,CA,,ARG,A,76,11.262,75.766,13.166
ATOM,564,C,,ARG,A,76,11.048,75.844,11.66
ATOM,565,O,,ARG,A,76,10.462,74.902,11.117
ATOM,566,CB,,ARG,A,76,10.287,76.696,13.902
ATOM,567,CG,,ARG,A,76,10.113,76.32,15.366
ATOM,568,CD,,ARG,A,76,9.237,77.295,16.094
ATOM,569,NE,,ARG,A,76,9.796,78.63,16.369
ATOM,570,CZ,,ARG,A,76,10.654,78.839,17.381
ATOM,571,NH1,,ARG,A,76,11.084,77.818,18.12
ATOM,572,NH2,,ARG,A,76,11.039,80.103,17.625
ATOM,573,N,,TRP,A,77,11.531,76.875,10.993
ATOM,574,CA,,TRP,A,77,11.331,76.986,9.543
ATOM,575,C,,TRP,A,77,11.926,75.799,8.808
ATOM,576,O,,TRP,A,77,11.331,75.409,7.781
ATOM,577,CB,,TRP,A,77,11.957,78.317,9.078
ATOM,578,CG,,TRP,A,77,11.089,79.506,9.36
ATOM,579,CD1,,TRP,A,77,11.251,80.494,10.294
ATOM,580,CD2,,TRP,A,77,9.879,79.837,8.674
ATOM,581,NE1,,TRP,A,77,10.223,81.387,10.233
ATOM,582,CE2,,TRP,A,77,9.343,81.001,9.232
ATOM,583,CE3,,TRP,A,77,9.151,79.223,7.63
ATOM,584,CZ2,,TRP,A,77,8.17,81.633,8.806
ATOM,585,CZ3,,TRP,A,77,7.993,79.819,7.194
ATOM,586,CH2,,TRP,A,77,7.501,80.998,7.771
ATOM,587,N,,GLU,A,78,13.053,75.247,9.242
ATOM,588,CA,,GLU,A,78,13.614,74.127,8.48
ATOM,589,C,,GLU,A,78,12.667,72.943,8.5
ATOM,590,O,,GLU,A,78,12.739,72.095,7.593
ATOM,591,CB,,GLU,A,78,15.052,73.866,8.917
ATOM,592,CG,,GLU,A,78,15.234,73.344,10.314
ATOM,593,CD,,GLU,A,78,16.683,73.171,10.719
ATOM,594,OE1,,GLU,A,78,16.937,73.128,11.943
ATOM,595,OE2,,GLU,A,78,17.604,73.07,9.871
ATOM,596,N,,GLN,A,79,11.754,72.877,9.471
ATOM,597,CA,,GLN,A,79,10.811,71.769,9.535
ATOM,598,C,,GLN,A,79,9.5,72.104,8.851
ATOM,599,O,,GLN,A,79,8.594,71.246,8.821
ATOM,600,CB,,GLN,A,79,10.508,71.402,11.002
ATOM,601,CG,,GLN,A,79,11.721,70.839,11.721
ATOM,602,CD,,GLN,A,79,12.275,69.628,10.966
ATOM,603,OE1,,GLN,A,79,11.576,68.707,10.583
ATOM,604,NE2,,GLN,A,79,13.58,69.691,10.719
ATOM,605,N,,VAL,A,80,9.304,73.301,8.285
ATOM,606,CA,,VAL,A,80,8.027,73.676,7.691
ATOM,607,C,,VAL,A,80,7.623,72.832,6.497
ATOM,608,O,,VAL,A,80,6.468,72.42,6.47
ATOM,609,CB,,VAL,A,80,7.939,75.195,7.489
ATOM,610,CG1,,VAL,A,80,6.751,75.616,6.648
ATOM,611,CG2,,VAL,A,80,7.848,75.848,8.864
ATOM,612,N,,PRO,A,81,8.521,72.522,5.576
ATOM,613,CA,,PRO,A,81,8.137,71.677,4.446
ATOM,614,C,,PRO,A,81,7.652,70.322,4.943
ATOM,615,O,,PRO,A,81,6.562,69.89,4.508
ATOM,616,CB,,PRO,A,81,9.409,71.605,3.615
ATOM,617,CG,,PRO,A,81,10.083,72.911,3.929
ATOM,618,CD,,PRO,A,81,9.888,73.073,5.446
ATOM,619,N,,LEU,A,82,8.288,69.739,5.945
ATOM,620,CA,,LEU,A,82,7.827,68.472,6.521
ATOM,621,C,,LEU,A,82,6.473,68.629,7.199
ATOM,622,O,,LEU,A,82,5.562,67.804,7.037
ATOM,623,CB,,LEU,A,82,8.839,67.943,7.557
ATOM,624,CG,,LEU,A,82,8.359,66.777,8.42
ATOM,625,CD1,,LEU,A,82,8.274,65.516,7.563
ATOM,626,CD2,,LEU,A,82,9.269,66.521,9.613
ATOM,627,N,,ILE,A,83,6.3,69.687,7.985
ATOM,628,CA,,ILE,A,83,5.035,69.912,8.677
ATOM,629,C,,ILE,A,83,3.886,70.033,7.686
ATOM,630,O,,ILE,A,83,2.825,69.428,7.869
ATOM,631,CB,,ILE,A,83,5.161,71.179,9.56
ATOM,632,CG1,,ILE,A,83,6.037,70.845,10.776
ATOM,633,CG2,,ILE,A,83,3.816,71.755,9.965
ATOM,634,CD1,,ILE,A,83,6.441,72.132,11.51
ATOM,635,N,,LYS,A,84,4.085,70.851,6.636
ATOM,636,CA,,LYS,A,84,3.0,71.033,5.663
ATOM,637,C,,LYS,A,84,2.738,69.733,4.907
ATOM,638,O,,LYS,A,84,1.556,69.433,4.683
ATOM,639,CB,,LYS,A,84,3.345,72.16,4.674
ATOM,640,CG,,LYS,A,84,3.295,73.539,5.345
ATOM,641,CD,,LYS,A,84,3.6,74.596,4.273
ATOM,642,CE,,LYS,A,84,3.606,75.984,4.885
ATOM,643,NZ,,LYS,A,84,3.624,77.02,3.8
ATOM,644,N,,GLU,A,85,3.774,68.986,4.586
ATOM,645,CA,,GLU,A,85,3.555,67.716,3.877
ATOM,646,C,,GLU,A,85,2.751,66.75,4.737
ATOM,647,O,,GLU,A,85,1.719,66.205,4.307
ATOM,648,CB,,GLU,A,85,4.897,67.134,3.469
ATOM,649,CG,,GLU,A,85,4.874,65.779,2.77
ATOM,650,CD,,GLU,A,85,6.297,65.38,2.398
ATOM,651,OE1,,GLU,A,85,6.646,65.57,1.212
ATOM,652,OE2,,GLU,A,85,7.054,64.924,3.27
ATOM,653,N,,LYS,A,86,3.167,66.606,6.001
ATOM,654,CA,,LYS,A,86,2.44,65.656,6.854
ATOM,655,C,,LYS,A,86,0.995,66.051,7.055
ATOM,656,O,,LYS,A,86,0.101,65.191,6.989
ATOM,657,CB,,LYS,A,86,3.113,65.539,8.225
ATOM,658,CG,,LYS,A,86,4.473,64.868,8.17
ATOM,659,CD,,LYS,A,86,4.335,63.362,8.147
ATOM,660,CE,,LYS,A,86,5.693,62.679,8.164
ATOM,661,NZ,,LYS,A,86,5.539,61.199,8.054
ATOM,662,N,,LEU,A,87,0.728,67.315,7.386
ATOM,663,CA,,LEU,A,87,-0.633,67.786,7.59
ATOM,664,C,,LEU,A,87,-1.467,67.557,6.324
ATOM,665,O,,LEU,A,87,-2.582,67.06,6.426
ATOM,666,CB,,LEU,A,87,-0.69,69.259,8.002
ATOM,667,CG,,LEU,A,87,-0.01,69.589,9.352
ATOM,668,CD1,,LEU,A,87,0.119,71.105,9.468
ATOM,669,CD2,,LEU,A,87,-0.804,69.019,10.526
ATOM,670,N,,SER,A,88,-0.828,67.796,5.174
ATOM,671,CA,,SER,A,88,-1.576,67.621,3.919
ATOM,672,C,,SER,A,88,-1.953,66.163,3.695
ATOM,673,O,,SER,A,88,-2.975,65.926,3.049
ATOM,674,CB,,SER,A,88,-0.782,68.164,2.728
ATOM,675,OG,,SER,A,88,0.211,67.232,2.344
ATOM,676,N,,GLN,A,89,-1.16,65.238,4.197
ATOM,677,CA,,GLN,A,89,-1.391,63.812,4.024
ATOM,678,C,,GLN,A,89,-2.353,63.26,5.072
ATOM,679,O,,GLN,A,89,-2.61,62.055,5.091
ATOM,680,CB,,GLN,A,89,-0.069,63.047,4.108
ATOM,681,CG,,GLN,A,89,0.826,63.283,2.894
ATOM,682,CD,,GLN,A,89,2.258,62.861,3.11
ATOM,683,OE1,,GLN,A,89,2.718,62.656,4.235
ATOM,684,NE2,,GLN,A,89,3.008,62.731,2.022
ATOM,685,N,,GLY,A,90,-2.86,64.11,5.956
ATOM,686,CA,,GLY,A,90,-3.813,63.701,6.968
ATOM,687,C,,GLY,A,90,-3.183,63.307,8.295
ATOM,688,O,,GLY,A,90,-3.901,62.765,9.139
ATOM,689,N,,VAL,A,91,-1.891,63.573,8.47
ATOM,690,CA,,VAL,A,91,-1.23,63.244,9.732
ATOM,691,C,,VAL,A,91,-1.338,64.429,10.693
ATOM,692,O,,VAL,A,91,-0.935,65.545,10.354
ATOM,693,CB,,VAL,A,91,0.262,62.94,9.524
ATOM,694,CG1,,VAL,A,91,0.929,62.551,10.835
ATOM,695,CG2,,VAL,A,91,0.471,61.84,8.497
ATOM,696,N,,THR,A,92,-1.858,64.155,11.879
ATOM,697,CA,,THR,A,92,-1.928,65.168,12.943
ATOM,698,C,,THR,A,92,-0.582,65.201,13.628
ATOM,699,O,,THR,A,92,0.065,64.183,13.845
ATOM,700,CB,,THR,A,92,-3.042,64.809,13.942
ATOM,701,OG1,,THR,A,92,-4.296,65.192,13.333
ATOM,702,CG2,,THR,A,92,-2.883,65.547,15.259
ATOM,703,N,,LEU,A,93,-0.074,66.404,13.848
ATOM,704,CA,,LEU,A,93,1.225,66.621,14.466
ATOM,705,C,,LEU,A,93,1.031,67.23,15.842
ATOM,706,O,,LEU,A,93,0.327,68.233,16.026
ATOM,707,CB,,LEU,A,93,2.061,67.581,13.605
ATOM,708,CG,,LEU,A,93,2.335,67.03,12.204
ATOM,709,CD1,,LEU,A,93,2.99,68.136,11.372
ATOM,710,CD2,,LEU,A,93,3.199,65.784,12.242
ATOM,711,N,,VAL,A,94,1.652,66.539,16.786
ATOM,712,CA,,VAL,A,94,1.656,66.972,18.197
ATOM,713,C,,VAL,A,94,3.056,67.501,18.476
ATOM,714,O,,VAL,A,94,4.042,66.772,18.305
ATOM,715,CB,,VAL,A,94,1.348,65.807,19.127
ATOM,716,CG1,,VAL,A,94,1.472,66.236,20.595
ATOM,717,CG2,,VAL,A,94,-0.073,65.314,18.863
ATOM,718,N,,VAL,A,95,3.162,68.772,18.825
ATOM,719,CA,,VAL,A,95,4.441,69.477,18.928
ATOM,720,C,,VAL,A,95,4.734,69.974,20.332
ATOM,721,O,,VAL,A,95,3.981,70.74,20.922
ATOM,722,CB,,VAL,A,95,4.358,70.676,17.954
ATOM,723,CG1,,VAL,A,95,5.718,71.364,17.84
ATOM,724,CG2,,VAL,A,95,3.887,70.218,16.565
ATOM,725,N,,ASP,A,96,5.838,69.496,20.891
ATOM,726,CA,,ASP,A,96,6.302,69.812,22.245
ATOM,727,C,,ASP,A,96,7.16,71.075,22.165
ATOM,728,O,,ASP,A,96,8.33,71.014,21.764
ATOM,729,CB,,ASP,A,96,7.102,68.598,22.711
ATOM,730,CG,,ASP,A,96,7.681,68.663,24.103
ATOM,731,OD1,,ASP,A,96,7.476,69.65,24.813
ATOM,732,OD2,,ASP,A,96,8.434,67.698,24.441
ATOM,733,N,,ARG,A,97,6.532,72.205,22.447
ATOM,734,CA,,ARG,A,97,7.063,73.544,22.321
ATOM,735,C,,ARG,A,97,7.052,74.024,20.862
ATOM,736,O,,ARG,A,97,7.285,73.274,19.921
ATOM,737,CB,,ARG,A,97,8.498,73.753,22.84
ATOM,738,CG,,ARG,A,97,8.63,73.568,24.366
ATOM,739,CD,,ARG,A,97,10.001,74.118,24.764
ATOM,740,NE,,ARG,A,97,10.364,73.843,26.155
ATOM,741,CZ,,ARG,A,97,10.041,74.672,27.154
ATOM,742,NH1,,ARG,A,97,9.319,75.781,27.091
ATOM,743,NH2,,ARG,A,97,10.455,74.284,28.381
ATOM,744,N,,TYR,A,98,6.793,75.326,20.713
ATOM,745,CA,,TYR,A,98,6.818,75.927,19.363
ATOM,746,C,,TYR,A,98,7.248,77.373,19.456
ATOM,747,O,,TYR,A,98,8.052,77.733,20.325
ATOM,748,CB,,TYR,A,98,5.446,75.793,18.735
ATOM,749,CG,,TYR,A,98,5.217,75.948,17.251
ATOM,750,CD1,,TYR,A,98,5.954,75.223,16.326
ATOM,751,CD2,,TYR,A,98,4.199,76.783,16.787
ATOM,752,CE1,,TYR,A,98,5.724,75.312,14.963
ATOM,753,CE2,,TYR,A,98,3.947,76.889,15.405
ATOM,754,CZ,,TYR,A,98,4.703,76.143,14.533
ATOM,755,OH,,TYR,A,98,4.441,76.193,13.157
ATOM,756,N,,ALA,A,99,6.714,78.25,18.6
ATOM,757,CA,,ALA,A,99,7.13,79.644,18.566
ATOM,758,C,,ALA,A,99,6.84,80.384,19.867
ATOM,759,O,,ALA,A,99,7.511,81.366,20.183
ATOM,760,CB,,ALA,A,99,6.38,80.332,17.418
ATOM,761,N,,PHE,A,100,5.829,79.944,20.612
ATOM,762,CA,,PHE,A,100,5.448,80.638,21.843
ATOM,763,C,,PHE,A,100,6.574,80.541,22.864
ATOM,764,O,,PHE,A,100,6.939,81.55,23.494
ATOM,765,CB,,PHE,A,100,4.122,80.045,22.382
ATOM,766,CG,,PHE,A,100,3.116,79.971,21.252
ATOM,767,CD1,,PHE,A,100,2.85,78.723,20.679
ATOM,768,CD2,,PHE,A,100,2.475,81.098,20.773
ATOM,769,CE1,,PHE,A,100,1.952,78.641,19.617
ATOM,770,CE2,,PHE,A,100,1.582,81.0,19.703
ATOM,771,CZ,,PHE,A,100,1.325,79.766,19.133
ATOM,772,N,,SER,A,101,7.188,79.362,22.993
ATOM,773,CA,,SER,A,101,8.367,79.243,23.852
ATOM,774,C,,SER,A,101,9.495,80.129,23.308
ATOM,775,O,,SER,A,101,10.227,80.741,24.093
ATOM,776,CB,,SER,A,101,8.933,77.835,23.929
ATOM,777,OG,,SER,A,101,8.235,77.03,24.87
ATOM,778,N,,GLY,A,102,9.666,80.181,21.996
ATOM,779,CA,,GLY,A,102,10.716,81.031,21.411
ATOM,780,C,,GLY,A,102,10.524,82.461,21.898
ATOM,781,O,,GLY,A,102,11.5,83.12,22.277
ATOM,782,N,,VAL,A,103,9.318,82.993,21.792
ATOM,783,CA,,VAL,A,103,9.056,84.378,22.192
ATOM,784,C,,VAL,A,103,9.138,84.564,23.693
ATOM,785,O,,VAL,A,103,9.745,85.534,24.145
ATOM,786,CB,,VAL,A,103,7.702,84.812,21.626
ATOM,787,CG1,,VAL,A,103,7.296,86.178,22.155
ATOM,788,CG2,,VAL,A,103,7.745,84.88,20.095
ATOM,789,N,,ALA,A,104,8.552,83.637,24.46
ATOM,790,CA,,ALA,A,104,8.567,83.815,25.912
ATOM,791,C,,ALA,A,104,9.956,83.772,26.524
ATOM,792,O,,ALA,A,104,10.242,84.517,27.474
ATOM,793,CB,,ALA,A,104,7.668,82.765,26.571
ATOM,794,N,,PHE,A,105,10.802,82.862,26.063
ATOM,795,CA,,PHE,A,105,12.138,82.73,26.628
ATOM,796,C,,PHE,A,105,12.997,83.909,26.233
ATOM,797,O,,PHE,A,105,13.652,84.499,27.113
ATOM,798,CB,,PHE,A,105,12.776,81.366,26.285
ATOM,799,CG,,PHE,A,105,12.258,80.341,27.273
ATOM,800,CD1,,PHE,A,105,10.936,79.929,27.15
ATOM,801,CD2,,PHE,A,105,13.051,79.833,28.278
ATOM,802,CE1,,PHE,A,105,10.419,79.01,28.058
ATOM,803,CE2,,PHE,A,105,12.534,78.915,29.177
ATOM,804,CZ,,PHE,A,105,11.225,78.51,29.064
ATOM,805,N,,THR,A,106,13.08,84.309,24.973
ATOM,806,CA,,THR,A,106,13.903,85.486,24.656
ATOM,807,C,,THR,A,106,13.288,86.756,25.227
ATOM,808,O,,THR,A,106,13.998,87.673,25.691
ATOM,809,CB,,THR,A,106,14.065,85.608,23.132
ATOM,810,OG1,,THR,A,106,14.806,84.466,22.702
ATOM,811,CG2,,THR,A,106,14.862,86.856,22.748
ATOM,812,N,,GLY,A,107,11.958,86.841,25.252
ATOM,813,CA,,GLY,A,107,11.212,87.995,25.739
ATOM,814,C,,GLY,A,107,11.451,88.213,27.24
ATOM,815,O,,GLY,A,107,11.213,89.32,27.714
ATOM,816,N,,ALA,A,108,11.871,87.144,27.911
ATOM,817,CA,,ALA,A,108,12.172,87.246,29.344
ATOM,818,C,,ALA,A,108,13.512,87.927,29.589
ATOM,819,O,,ALA,A,108,13.841,88.225,30.743
ATOM,820,CB,,ALA,A,108,12.186,85.859,29.973
ATOM,821,N,,LYS,A,109,14.338,88.031,28.56
ATOM,822,CA,,LYS,A,109,15.634,88.714,28.699
ATOM,823,C,,LYS,A,109,15.419,90.211,28.646
ATOM,824,O,,LYS,A,109,14.452,90.71,28.074
ATOM,825,CB,,LYS,A,109,16.574,88.303,27.553
ATOM,826,CG,,LYS,A,109,16.87,86.812,27.614
ATOM,827,CD,,LYS,A,109,17.716,86.364,26.418
ATOM,828,CE,,LYS,A,109,17.999,84.878,26.586
ATOM,829,NZ,,LYS,A,109,18.833,84.32,25.489
ATOM,830,N,,GLU,A,110,16.393,90.969,29.183
ATOM,831,CA,,GLU,A,110,16.257,92.423,29.153
ATOM,832,C,,GLU,A,110,16.36,93.0,27.753
ATOM,833,O,,GLU,A,110,17.125,92.5,26.935
ATOM,834,CB,,GLU,A,110,17.324,93.058,30.048
ATOM,835,N,,ASN,A,111,15.593,94.04,27.463
ATOM,836,CA,,ASN,A,111,15.647,94.762,26.21
ATOM,837,C,,ASN,A,111,15.27,93.972,24.97
ATOM,838,O,,ASN,A,111,15.796,94.183,23.878
ATOM,839,CB,,ASN,A,111,17.036,95.401,26.028
ATOM,840,CG,,ASN,A,111,17.316,96.433,27.105
ATOM,841,OD1,,ASN,A,111,16.434,97.194,27.502
ATOM,842,ND2,,ASN,A,111,18.55,96.468,27.59
ATOM,843,N,,PHE,A,112,14.326,93.051,25.145
ATOM,844,CA,,PHE,A,112,13.767,92.285,24.049
ATOM,845,C,,PHE,A,112,12.261,92.493,24.002
ATOM,846,O,,PHE,A,112,11.559,91.961,24.872
ATOM,847,CB,,PHE,A,112,14.039,90.783,24.166
ATOM,848,CG,,PHE,A,112,15.404,90.427,23.647
ATOM,849,CD1,,PHE,A,112,16.512,90.364,24.471
ATOM,850,CD2,,PHE,A,112,15.573,90.152,22.283
ATOM,851,CE1,,PHE,A,112,17.759,90.034,23.993
ATOM,852,CE2,,PHE,A,112,16.821,89.815,21.81
ATOM,853,CZ,,PHE,A,112,17.92,89.776,22.64
ATOM,854,N,,SER,A,113,11.765,93.254,23.039
ATOM,855,CA,,SER,A,113,10.314,93.456,22.993
ATOM,856,C,,SER,A,113,9.597,92.207,22.483
ATOM,857,O,,SER,A,113,10.18,91.436,21.707
ATOM,858,CB,,SER,A,113,9.942,94.639,22.111
ATOM,859,OG,,SER,A,113,10.238,94.352,20.752
ATOM,860,N,,LEU,A,114,8.353,92.015,22.911
ATOM,861,CA,,LEU,A,114,7.597,90.875,22.38
ATOM,862,C,,LEU,A,114,7.466,91.001,20.876
ATOM,863,O,,LEU,A,114,7.54,89.983,20.15
ATOM,864,CB,,LEU,A,114,6.216,90.795,23.028
ATOM,865,CG,,LEU,A,114,6.159,90.283,24.463
ATOM,866,CD1,,LEU,A,114,4.708,90.14,24.91
ATOM,867,CD2,,LEU,A,114,6.885,88.946,24.59
ATOM,868,N,,ASP,A,115,7.271,92.199,20.335
ATOM,869,CA,,ASP,A,115,7.145,92.4,18.899
ATOM,870,C,,ASP,A,115,8.379,91.886,18.163
ATOM,871,O,,ASP,A,115,8.219,91.111,17.209
ATOM,872,CB,,ASP,A,115,6.945,93.882,18.523
ATOM,873,CG,,ASP,A,115,6.739,94.047,17.026
ATOM,874,OD1,,ASP,A,115,7.665,94.432,16.273
ATOM,875,OD2,,ASP,A,115,5.634,93.774,16.511
ATOM,876,N,,TRP,A,116,9.57,92.34,18.563
ATOM,877,CA,,TRP,A,116,10.782,91.903,17.873
ATOM,878,C,,TRP,A,116,10.913,90.376,17.938
ATOM,879,O,,TRP,A,116,11.235,89.7,16.966
ATOM,880,CB,,TRP,A,116,12.036,92.559,18.478
ATOM,881,CG,,TRP,A,116,13.268,92.256,17.68
ATOM,882,CD1,,TRP,A,116,13.767,92.996,16.634
ATOM,883,CD2,,TRP,A,116,14.121,91.119,17.779
ATOM,884,NE1,,TRP,A,116,14.881,92.371,16.125
ATOM,885,CE2,,TRP,A,116,15.127,91.213,16.8
ATOM,886,CE3,,TRP,A,116,14.134,90.032,18.667
ATOM,887,CZ2,,TRP,A,116,16.123,90.256,16.661
ATOM,888,CZ3,,TRP,A,116,15.125,89.087,18.518
ATOM,889,CH2,,TRP,A,116,16.128,89.186,17.511
ATOM,890,N,,CYS,A,117,10.585,89.813,19.107
ATOM,891,CA,,CYS,A,117,10.71,88.379,19.279
ATOM,892,C,,CYS,A,117,9.755,87.579,18.39
ATOM,893,O,,CYS,A,117,10.105,86.479,17.956
ATOM,894,CB,,CYS,A,117,10.495,87.946,20.751
ATOM,895,SG,,CYS,A,117,11.805,88.567,21.844
ATOM,896,N,,LYS,A,118,8.55,88.097,18.183
ATOM,897,CA,,LYS,A,118,7.606,87.372,17.331
ATOM,898,C,,LYS,A,118,7.977,87.337,15.87
ATOM,899,O,,LYS,A,118,7.614,86.369,15.174
ATOM,900,CB,,LYS,A,118,6.218,88.057,17.462
ATOM,901,CG,,LYS,A,118,5.54,87.699,18.79
ATOM,902,CD,,LYS,A,118,4.345,88.638,19.004
ATOM,903,CE,,LYS,A,118,3.287,88.498,17.929
ATOM,904,NZ,,LYS,A,118,2.07,89.329,18.28
ATOM,905,N,,GLN,A,119,8.58,88.397,15.326
ATOM,906,CA,,GLN,A,119,8.718,88.537,13.876
ATOM,907,C,,GLN,A,119,9.315,87.372,13.138
ATOM,908,O,,GLN,A,119,8.769,87.022,12.074
ATOM,909,CB,,GLN,A,119,9.473,89.84,13.527
ATOM,910,CG,,GLN,A,119,8.747,91.092,14.029
ATOM,911,CD,,GLN,A,119,7.262,91.106,13.727
ATOM,912,OE1,,GLN,A,119,6.848,91.097,12.559
ATOM,913,NE2,,GLN,A,119,6.423,91.128,14.756
ATOM,914,N,,PRO,A,120,10.416,86.752,13.571
ATOM,915,CA,,PRO,A,120,11.017,85.689,12.79
ATOM,916,C,,PRO,A,120,10.034,84.547,12.54
ATOM,917,O,,PRO,A,120,10.083,83.918,11.492
ATOM,918,CB,,PRO,A,120,12.205,85.232,13.61
ATOM,919,CG,,PRO,A,120,12.438,86.349,14.582
ATOM,920,CD,,PRO,A,120,11.191,87.179,14.757
ATOM,921,N,,ASP,A,121,9.123,84.321,13.493
ATOM,922,CA,,ASP,A,121,8.17,83.222,13.379
ATOM,923,C,,ASP,A,121,6.868,83.61,12.692
ATOM,924,O,,ASP,A,121,6.034,82.723,12.466
ATOM,925,CB,,ASP,A,121,7.858,82.636,14.755
ATOM,926,CG,,ASP,A,121,8.953,81.808,15.363
ATOM,927,OD1,,ASP,A,121,9.649,81.038,14.686
ATOM,928,OD2,,ASP,A,121,9.124,81.91,16.614
ATOM,929,N,,VAL,A,122,6.726,84.874,12.334
ATOM,930,CA,,VAL,A,122,5.511,85.275,11.602
ATOM,931,C,,VAL,A,122,5.428,84.498,10.306
ATOM,932,O,,VAL,A,122,6.388,84.463,9.54
ATOM,933,CB,,VAL,A,122,5.542,86.793,11.342
ATOM,934,CG1,,VAL,A,122,4.532,87.155,10.253
ATOM,935,CG2,,VAL,A,122,5.244,87.549,12.626
ATOM,936,N,,GLY,A,123,4.265,83.873,10.059
ATOM,937,CA,,GLY,A,123,4.145,83.083,8.842
ATOM,938,C,,GLY,A,123,4.278,81.582,9.016
ATOM,939,O,,GLY,A,123,3.965,80.841,8.053
ATOM,940,N,,LEU,A,124,4.782,81.107,10.154
ATOM,941,CA,,LEU,A,124,4.854,79.661,10.336
ATOM,942,C,,LEU,A,124,3.452,79.03,10.289
ATOM,943,O,,LEU,A,124,2.443,79.716,10.511
ATOM,944,CB,,LEU,A,124,5.345,79.346,11.764
ATOM,945,CG,,LEU,A,124,6.844,79.528,12.038
ATOM,946,CD1,,LEU,A,124,7.132,79.248,13.521
ATOM,947,CD2,,LEU,A,124,7.657,78.617,11.152
ATOM,948,N,,PRO,A,125,3.396,77.736,10.089
ATOM,949,CA,,PRO,A,125,2.114,77.03,10.165
ATOM,950,C,,PRO,A,125,1.444,77.392,11.473
ATOM,951,O,,PRO,A,125,2.045,77.312,12.555
ATOM,952,CB,,PRO,A,125,2.524,75.573,10.061
ATOM,953,CG,,PRO,A,125,3.771,75.602,9.241
ATOM,954,CD,,PRO,A,125,4.523,76.837,9.734
ATOM,955,N,,LYS,A,126,0.2,77.825,11.446
ATOM,956,CA,,LYS,A,126,-0.522,78.224,12.638
ATOM,957,C,,LYS,A,126,-1.123,77.024,13.343
ATOM,958,O,,LYS,A,126,-1.849,76.259,12.698
ATOM,959,CB,,LYS,A,126,-1.693,79.158,12.268
ATOM,960,CG,,LYS,A,126,-2.416,79.734,13.462
ATOM,961,CD,,LYS,A,126,-3.526,80.659,12.962
ATOM,962,CE,,LYS,A,126,-4.277,81.33,14.087
ATOM,963,NZ,,LYS,A,126,-5.257,82.324,13.513
ATOM,964,N,,PRO,A,127,-0.844,76.784,14.607
ATOM,965,CA,,PRO,A,127,-1.447,75.679,15.311
ATOM,966,C,,PRO,A,127,-2.974,75.823,15.274
ATOM,967,O,,PRO,A,127,-3.533,76.924,15.323
ATOM,968,CB,,PRO,A,127,-0.966,75.844,16.76
ATOM,969,CG,,PRO,A,127,0.325,76.588,16.608
ATOM,970,CD,,PRO,A,127,0.037,77.587,15.49
ATOM,971,N,,ASP,A,128,-3.629,74.654,15.171
ATOM,972,CA,,ASP,A,128,-5.076,74.582,15.273
ATOM,973,C,,ASP,A,128,-5.53,74.57,16.723
ATOM,974,O,,ASP,A,128,-6.672,74.88,17.054
ATOM,975,CB,,ASP,A,128,-5.571,73.293,14.6
ATOM,976,CG,,ASP,A,128,-5.277,73.295,13.109
ATOM,977,OD1,,ASP,A,128,-5.817,74.249,12.475
ATOM,978,OD2,,ASP,A,128,-4.554,72.423,12.625
ATOM,979,N,,LEU,A,129,-4.621,74.215,17.638
ATOM,980,CA,,LEU,A,129,-4.857,74.123,19.059
ATOM,981,C,,LEU,A,129,-3.546,74.378,19.822
ATOM,982,O,,LEU,A,129,-2.567,73.746,19.432
ATOM,983,CB,,LEU,A,129,-5.366,72.721,19.422
ATOM,984,CG,,LEU,A,129,-5.482,72.341,20.889
ATOM,985,CD1,,LEU,A,129,-6.436,73.25,21.659
ATOM,986,CD2,,LEU,A,129,-5.934,70.884,21.044
ATOM,987,N,,VAL,A,130,-3.57,75.287,20.777
ATOM,988,CA,,VAL,A,130,-2.368,75.546,21.579
ATOM,989,C,,VAL,A,130,-2.774,75.211,23.02
ATOM,990,O,,VAL,A,130,-3.552,75.957,23.615
ATOM,991,CB,,VAL,A,130,-1.86,76.987,21.498
ATOM,992,CG1,,VAL,A,130,-0.51,77.089,22.214
ATOM,993,CG2,,VAL,A,130,-1.689,77.419,20.04
ATOM,994,N,,LEU,A,131,-2.243,74.133,23.565
ATOM,995,CA,,LEU,A,131,-2.521,73.773,24.953
ATOM,996,C,,LEU,A,131,-1.482,74.426,25.854
ATOM,997,O,,LEU,A,131,-0.29,74.326,25.558
ATOM,998,CB,,LEU,A,131,-2.418,72.243,25.073
ATOM,999,CG,,LEU,A,131,-3.489,71.532,24.219
ATOM,1000,CD1,,LEU,A,131,-3.025,70.134,23.823
ATOM,1001,CD2,,LEU,A,131,-4.816,71.485,24.952
ATOM,1002,N,,PHE,A,132,-1.949,75.101,26.892
ATOM,1003,CA,,PHE,A,132,-1.011,75.701,27.846
ATOM,1004,C,,PHE,A,132,-1.146,74.913,29.143
ATOM,1005,O,,PHE,A,132,-2.211,74.993,29.785
ATOM,1006,CB,,PHE,A,132,-1.249,77.198,28.061
ATOM,1007,CG,,PHE,A,132,-0.105,77.792,28.843
ATOM,1008,CD1,,PHE,A,132,1.077,78.108,28.208
ATOM,1009,CD2,,PHE,A,132,-0.228,78.003,30.209
ATOM,1010,CE1,,PHE,A,132,2.141,78.654,28.916
ATOM,1011,CE2,,PHE,A,132,0.84,78.543,30.91
ATOM,1012,CZ,,PHE,A,132,2.014,78.856,30.273
ATOM,1013,N,,LEU,A,133,-0.116,74.204,29.541
ATOM,1014,CA,,LEU,A,133,-0.154,73.383,30.764
ATOM,1015,C,,LEU,A,133,0.223,74.236,31.971
ATOM,1016,O,,LEU,A,133,1.372,74.598,32.203
ATOM,1017,CB,,LEU,A,133,0.8,72.214,30.551
ATOM,1018,CG,,LEU,A,133,0.195,71.017,29.789
ATOM,1019,CD1,,LEU,A,133,-0.213,71.378,28.373
ATOM,1020,CD2,,LEU,A,133,1.239,69.9,29.818
ATOM,1021,N,,GLN,A,134,-0.825,74.631,32.707
ATOM,1022,CA,,GLN,A,134,-0.625,75.502,33.868
ATOM,1023,C,,GLN,A,134,-0.267,74.738,35.129
ATOM,1024,O,,GLN,A,134,-0.913,73.744,35.462
ATOM,1025,CB,,GLN,A,134,-1.915,76.254,34.164
ATOM,1026,CG,,GLN,A,134,-2.328,77.247,33.103
ATOM,1027,CD,,GLN,A,134,-3.436,78.143,33.649
ATOM,1028,OE1,,GLN,A,134,-3.169,79.28,34.042
ATOM,1029,NE2,,GLN,A,134,-4.647,77.612,33.658
ATOM,1030,N,,LEU,A,135,0.717,75.246,35.84
ATOM,1031,CA,,LEU,A,135,1.188,74.623,37.077
ATOM,1032,C,,LEU,A,135,1.871,75.728,37.893
ATOM,1033,O,,LEU,A,135,2.597,76.535,37.298
ATOM,1034,CB,,LEU,A,135,2.201,73.53,36.746
ATOM,1035,CG,,LEU,A,135,2.687,72.564,37.813
ATOM,1036,CD1,,LEU,A,135,1.57,71.706,38.377
ATOM,1037,CD2,,LEU,A,135,3.811,71.685,37.272
ATOM,1038,N,,GLN,A,136,1.582,75.793,39.185
ATOM,1039,CA,,GLN,A,136,2.255,76.842,39.97
ATOM,1040,C,,GLN,A,136,3.755,76.709,39.737
ATOM,1041,O,,GLN,A,136,4.243,75.581,39.602
ATOM,1042,CB,,GLN,A,136,1.909,76.692,41.443
ATOM,1043,CG,,GLN,A,136,0.425,76.816,41.756
ATOM,1044,CD,,GLN,A,136,-0.11,78.187,41.404
ATOM,1045,OE1,,GLN,A,136,-0.225,79.066,42.26
ATOM,1046,NE2,,GLN,A,136,-0.444,78.403,40.136
ATOM,1047,N,,LEU,A,137,4.49,77.824,39.671
ATOM,1048,CA,,LEU,A,137,5.935,77.705,39.497
ATOM,1049,C,,LEU,A,137,6.497,76.847,40.633
ATOM,1050,O,,LEU,A,137,7.424,76.071,40.43
ATOM,1051,CB,,LEU,A,137,6.625,79.055,39.501
ATOM,1052,N,,ALA,A,138,5.93,77.024,41.826
ATOM,1053,CA,,ALA,A,138,6.41,76.279,42.987
ATOM,1054,C,,ALA,A,138,6.256,74.775,42.823
ATOM,1055,O,,ALA,A,138,7.146,74.033,43.254
ATOM,1056,CB,,ALA,A,138,5.711,76.751,44.255
ATOM,1057,N,,ASP,A,139,5.155,74.315,42.247
ATOM,1058,CA,,ASP,A,139,4.989,72.862,42.074
ATOM,1059,C,,ASP,A,139,5.941,72.352,41.007
ATOM,1060,O,,ASP,A,139,6.615,71.332,41.182
ATOM,1061,CB,,ASP,A,139,3.532,72.524,41.775
ATOM,1062,CG,,ASP,A,139,2.678,72.926,42.971
ATOM,1063,OD1,,ASP,A,139,1.518,73.338,42.779
ATOM,1064,OD2,,ASP,A,139,3.217,72.826,44.092
ATOM,1065,N,,ALA,A,140,6.07,73.123,39.926
ATOM,1066,CA,,ALA,A,140,6.989,72.733,38.86
ATOM,1067,C,,ALA,A,140,8.361,72.434,39.449
ATOM,1068,O,,ALA,A,140,9.084,71.562,38.965
ATOM,1069,CB,,ALA,A,140,7.05,73.823,37.803
ATOM,1070,N,,ALA,A,141,8.725,73.147,40.515
ATOM,1071,CA,,ALA,A,141,10.027,72.956,41.15
ATOM,1072,C,,ALA,A,141,10.088,71.674,41.97
ATOM,1073,O,,ALA,A,141,11.178,71.16,42.235
ATOM,1074,CB,,ALA,A,141,10.381,74.167,41.999
ATOM,1075,N,,LYS,A,142,8.935,71.143,42.346
ATOM,1076,CA,,LYS,A,142,8.857,69.894,43.109
ATOM,1077,C,,LYS,A,142,9.16,68.69,42.224
ATOM,1078,O,,LYS,A,142,9.647,67.663,42.696
ATOM,1079,CB,,LYS,A,142,7.472,69.795,43.735
ATOM,1080,CG,,LYS,A,142,7.029,68.482,44.347
ATOM,1081,CD,,LYS,A,142,5.639,68.651,44.96
ATOM,1082,CE,,LYS,A,142,4.967,67.325,45.267
ATOM,1083,NZ,,LYS,A,142,3.534,67.493,45.644
ATOM,1084,N,,ARG,A,143,8.903,68.813,40.923
ATOM,1085,CA,,ARG,A,143,9.152,67.726,39.985
ATOM,1086,C,,ARG,A,143,10.623,67.577,39.64
ATOM,1087,O,,ARG,A,143,11.263,68.5,39.143
ATOM,1088,CB,,ARG,A,143,8.312,67.939,38.714
ATOM,1089,CG,,ARG,A,143,6.837,68.016,39.063
ATOM,1090,CD,,ARG,A,143,5.953,68.364,37.877
ATOM,1091,NE,,ARG,A,143,4.549,68.324,38.252
ATOM,1092,CZ,,ARG,A,143,3.52,68.424,37.412
ATOM,1093,NH1,,ARG,A,143,3.75,68.568,36.116
ATOM,1094,NH2,,ARG,A,143,2.277,68.37,37.868
ATOM,1095,N,,GLU,A,149,20.051,73.167,32.612
ATOM,1096,CA,,GLU,A,149,20.368,73.894,31.393
ATOM,1097,C,,GLU,A,149,20.144,75.394,31.604
ATOM,1098,O,,GLU,A,149,19.749,75.86,32.673
ATOM,1099,CB,,GLU,A,149,19.517,73.448,30.202
ATOM,1100,CG,,GLU,A,149,19.726,72.037,29.703
ATOM,1101,CD,,GLU,A,149,19.165,71.78,28.319
ATOM,1102,OE1,,GLU,A,149,18.079,72.287,27.958
ATOM,1103,OE2,,GLU,A,149,19.826,71.037,27.562
ATOM,1104,N,,ARG,A,150,20.377,76.137,30.522
ATOM,1105,CA,,ARG,A,150,20.156,77.583,30.58
ATOM,1106,C,,ARG,A,150,18.686,77.84,30.892
ATOM,1107,O,,ARG,A,150,17.841,77.015,30.551
ATOM,1108,CB,,ARG,A,150,20.533,78.191,29.226
ATOM,1109,CG,,ARG,A,150,21.173,79.568,29.354
ATOM,1110,CD,,ARG,A,150,21.685,80.056,28.017
ATOM,1111,NE,,ARG,A,150,22.875,79.369,27.545
ATOM,1112,CZ,,ARG,A,150,24.111,79.812,27.754
ATOM,1113,NH1,,ARG,A,150,24.282,80.938,28.432
ATOM,1114,NH2,,ARG,A,150,25.145,79.137,27.284
ATOM,1115,N,,TYR,A,151,18.349,78.941,31.534
ATOM,1116,CA,,TYR,A,151,16.984,79.344,31.806
ATOM,1117,C,,TYR,A,151,16.306,78.57,32.934
ATOM,1118,O,,TYR,A,151,15.144,78.849,33.226
ATOM,1119,CB,,TYR,A,151,16.116,79.172,30.55
ATOM,1120,CG,,TYR,A,151,16.612,79.878,29.306
ATOM,1121,CD1,,TYR,A,151,16.361,79.339,28.049
ATOM,1122,CD2,,TYR,A,151,17.325,81.063,29.373
ATOM,1123,CE1,,TYR,A,151,16.792,79.97,26.9
ATOM,1124,CE2,,TYR,A,151,17.774,81.702,28.229
ATOM,1125,CZ,,TYR,A,151,17.507,81.152,26.996
ATOM,1126,OH,,TYR,A,151,17.921,81.759,25.837
ATOM,1127,N,,GLU,A,152,17.019,77.627,33.528
ATOM,1128,CA,,GLU,A,152,16.445,76.81,34.592
ATOM,1129,C,,GLU,A,152,16.688,77.409,35.97
ATOM,1130,O,,GLU,A,152,17.488,76.918,36.763
ATOM,1131,CB,,GLU,A,152,16.976,75.373,34.505
ATOM,1132,CG,,GLU,A,152,16.534,74.717,33.2
ATOM,1133,CD,,GLU,A,152,16.756,73.222,33.173
ATOM,1134,OE1,,GLU,A,152,16.013,72.503,33.877
ATOM,1135,OE2,,GLU,A,152,17.668,72.785,32.441
ATOM,1136,N,,ASN,A,153,16.002,78.509,36.226
ATOM,1137,CA,,ASN,A,153,16.024,79.228,37.49
ATOM,1138,C,,ASN,A,153,14.68,79.934,37.654
ATOM,1139,O,,ASN,A,153,14.045,80.308,36.666
ATOM,1140,CB,,ASN,A,153,17.192,80.181,37.649
ATOM,1141,CG,,ASN,A,153,17.145,81.478,36.886
ATOM,1142,OD1,,ASN,A,153,16.367,82.386,37.181
ATOM,1143,ND2,,ASN,A,153,18.013,81.59,35.879
ATOM,1144,N,,GLY,A,154,14.203,80.065,38.885
ATOM,1145,CA,,GLY,A,154,12.926,80.658,39.185
ATOM,1146,C,,GLY,A,154,12.634,82.044,38.674
ATOM,1147,O,,GLY,A,154,11.53,82.329,38.199
ATOM,1148,N,,ALA,A,155,13.589,82.974,38.82
ATOM,1149,CA,,ALA,A,155,13.362,84.34,38.415
ATOM,1150,C,,ALA,A,155,13.148,84.428,36.887
ATOM,1151,O,,ALA,A,155,12.27,85.166,36.46
ATOM,1152,CB,,ALA,A,155,14.543,85.192,38.877
ATOM,1153,N,,PHE,A,156,13.952,83.623,36.205
ATOM,1154,CA,,PHE,A,156,13.798,83.674,34.726
ATOM,1155,C,,PHE,A,156,12.483,83.033,34.299
ATOM,1156,O,,PHE,A,156,11.8,83.604,33.44
ATOM,1157,CB,,PHE,A,156,14.992,82.984,34.081
ATOM,1158,CG,,PHE,A,156,15.012,83.164,32.587
ATOM,1159,CD1,,PHE,A,156,15.705,84.228,32.054
ATOM,1160,CD2,,PHE,A,156,14.331,82.283,31.761
ATOM,1161,CE1,,PHE,A,156,15.741,84.447,30.683
ATOM,1162,CE2,,PHE,A,156,14.372,82.502,30.387
ATOM,1163,CZ,,PHE,A,156,15.072,83.565,29.87
ATOM,1164,N,,GLN,A,157,12.134,81.924,34.947
ATOM,1165,CA,,GLN,A,157,10.875,81.249,34.596
ATOM,1166,C,,GLN,A,157,9.681,82.147,34.822
ATOM,1167,O,,GLN,A,157,8.701,82.152,34.054
ATOM,1168,CB,,GLN,A,157,10.708,79.962,35.428
ATOM,1169,CG,,GLN,A,157,11.703,78.876,35.075
ATOM,1170,CD,,GLN,A,157,11.351,78.167,33.779
ATOM,1171,OE1,,GLN,A,157,10.216,77.704,33.654
ATOM,1172,NE2,,GLN,A,157,12.309,78.09,32.872
ATOM,1173,N,,GLU,A,158,9.697,82.961,35.88
ATOM,1174,CA,,GLU,A,158,8.596,83.871,36.152
ATOM,1175,C,,GLU,A,158,8.452,84.904,35.043
ATOM,1176,O,,GLU,A,158,7.355,85.258,34.621
ATOM,1177,CB,,GLU,A,158,8.785,84.502,37.536
ATOM,1178,CG,,GLU,A,158,7.593,85.285,38.032
ATOM,1179,CD,,GLU,A,158,7.492,86.703,37.54
ATOM,1180,OE1,,GLU,A,158,8.504,87.261,37.064
ATOM,1181,OE2,,GLU,A,158,6.389,87.294,37.627
ATOM,1182,N,,ARG,A,159,9.6,85.401,34.541
ATOM,1183,CA,,ARG,A,159,9.536,86.373,33.45
ATOM,1184,C,,ARG,A,159,9.018,85.697,32.155
ATOM,1185,O,,ARG,A,159,8.228,86.336,31.476
ATOM,1186,CB,,ARG,A,159,10.886,87.015,33.159
ATOM,1187,CG,,ARG,A,159,11.421,87.819,34.343
ATOM,1188,CD,,ARG,A,159,12.796,88.375,34.068
ATOM,1189,NE,,ARG,A,159,12.813,89.356,32.982
ATOM,1190,CZ,,ARG,A,159,12.569,90.652,33.079
ATOM,1191,NH1,,ARG,A,159,12.272,91.221,34.24
ATOM,1192,NH2,,ARG,A,159,12.646,91.416,31.993
ATOM,1193,N,,ALA,A,160,9.445,84.453,31.942
ATOM,1194,CA,,ALA,A,160,8.913,83.773,30.732
ATOM,1195,C,,ALA,A,160,7.412,83.562,30.879
ATOM,1196,O,,ALA,A,160,6.673,83.674,29.901
ATOM,1197,CB,,ALA,A,160,9.645,82.469,30.545
ATOM,1198,N,,LEU,A,161,6.99,83.174,32.097
ATOM,1199,CA,,LEU,A,161,5.556,82.976,32.306
ATOM,1200,C,,LEU,A,161,4.788,84.254,32.006
ATOM,1201,O,,LEU,A,161,3.745,84.235,31.369
ATOM,1202,CB,,LEU,A,161,5.267,82.518,33.738
ATOM,1203,CG,,LEU,A,161,3.776,82.276,34.027
ATOM,1204,CD1,,LEU,A,161,3.218,81.284,33.013
ATOM,1205,CD2,,LEU,A,161,3.614,81.78,35.454
ATOM,1206,N,,ARG,A,162,5.28,85.434,32.432
ATOM,1207,CA,,ARG,A,162,4.587,86.672,32.111
ATOM,1208,C,,ARG,A,162,4.449,86.869,30.605
ATOM,1209,O,,ARG,A,162,3.447,87.391,30.108
ATOM,1210,CB,,ARG,A,162,5.326,87.866,32.736
ATOM,1211,CG,,ARG,A,162,5.341,87.758,34.265
ATOM,1212,CD,,ARG,A,162,3.899,87.808,34.762
ATOM,1213,NE,,ARG,A,162,3.715,86.892,35.89
ATOM,1214,CZ,,ARG,A,162,2.765,85.955,35.869
ATOM,1215,NH1,,ARG,A,162,1.988,85.86,34.799
ATOM,1216,NH2,,ARG,A,162,2.621,85.141,36.902
ATOM,1217,N,,CYS,A,163,5.519,86.493,29.88
ATOM,1218,CA,,CYS,A,163,5.473,86.619,28.425
ATOM,1219,C,,CYS,A,163,4.415,85.685,27.832
ATOM,1220,O,,CYS,A,163,3.682,86.075,26.931
ATOM,1221,CB,,CYS,A,163,6.826,86.338,27.778
ATOM,1222,SG,,CYS,A,163,8.082,87.588,28.183
ATOM,1223,N,,PHE,A,164,4.375,84.448,28.341
ATOM,1224,CA,,PHE,A,164,3.337,83.533,27.861
ATOM,1225,C,,PHE,A,164,1.955,84.169,28.04
ATOM,1226,O,,PHE,A,164,1.104,84.041,27.169
ATOM,1227,CB,,PHE,A,164,3.389,82.198,28.58
ATOM,1228,CG,,PHE,A,164,4.366,81.194,28.009
ATOM,1229,CD1,,PHE,A,164,5.39,80.719,28.802
ATOM,1230,CD2,,PHE,A,164,4.21,80.719,26.716
ATOM,1231,CE1,,PHE,A,164,6.291,79.772,28.318
ATOM,1232,CE2,,PHE,A,164,5.102,79.762,26.27
ATOM,1233,CZ,,PHE,A,164,6.14,79.289,27.038
ATOM,1234,N,,HIS,A,165,1.704,84.765,29.201
ATOM,1235,CA,,HIS,A,165,0.395,85.371,29.444
ATOM,1236,C,,HIS,A,165,0.104,86.505,28.483
ATOM,1237,O,,HIS,A,165,-1.046,86.677,28.062
ATOM,1238,CB,,HIS,A,165,0.294,85.799,30.92
ATOM,1239,CG,,HIS,A,165,-0.14,84.607,31.727
ATOM,1240,ND1,,HIS,A,165,0.726,83.747,32.345
ATOM,1241,CD2,,HIS,A,165,-1.384,84.122,31.968
ATOM,1242,CE1,,HIS,A,165,0.065,82.79,32.958
ATOM,1243,NE2,,HIS,A,165,-1.226,82.991,32.737
ATOM,1244,N,,GLN,A,166,1.151,87.233,28.07
ATOM,1245,CA,,GLN,A,166,0.879,88.251,27.036
ATOM,1246,C,,GLN,A,166,0.478,87.59,25.728
ATOM,1247,O,,GLN,A,166,-0.388,88.096,25.02
ATOM,1248,CB,,GLN,A,166,2.081,89.165,26.811
ATOM,1249,CG,,GLN,A,166,2.292,90.12,27.982
ATOM,1250,CD,,GLN,A,166,1.14,91.095,28.161
ATOM,1251,OE1,,GLN,A,166,0.322,91.369,27.287
ATOM,1252,NE2,,GLN,A,166,1.062,91.658,29.371
ATOM,1253,N,,LEU,A,167,1.119,86.476,25.353
ATOM,1254,CA,,LEU,A,167,0.818,85.812,24.092
ATOM,1255,C,,LEU,A,167,-0.582,85.217,24.066
ATOM,1256,O,,LEU,A,167,-1.197,85.052,23.017
ATOM,1257,CB,,LEU,A,167,1.882,84.709,23.839
ATOM,1258,CG,,LEU,A,167,3.314,85.247,23.654
ATOM,1259,CD1,,LEU,A,167,4.303,84.095,23.483
ATOM,1260,CD2,,LEU,A,167,3.381,86.201,22.473
ATOM,1261,N,,MET,A,168,-1.096,84.909,25.252
ATOM,1262,CA,,MET,A,168,-2.425,84.331,25.368
ATOM,1263,C,,MET,A,168,-3.535,85.34,25.138
ATOM,1264,O,,MET,A,168,-4.691,84.92,25.012
ATOM,1265,CB,,MET,A,168,-2.633,83.721,26.748
ATOM,1266,CG,,MET,A,168,-1.811,82.473,27.009
ATOM,1267,SD,,MET,A,168,-2.014,82.064,28.76
ATOM,1268,CE,,MET,A,168,-0.465,81.261,29.12
ATOM,1269,N,,LYS,A,169,-3.19,86.617,25.129
ATOM,1270,CA,,LYS,A,169,-4.216,87.626,24.861
ATOM,1271,C,,LYS,A,169,-4.564,87.606,23.378
ATOM,1272,O,,LYS,A,169,-5.531,88.236,22.952
ATOM,1273,CB,,LYS,A,169,-3.712,89.013,25.248
ATOM,1274,CG,,LYS,A,169,-3.495,89.208,26.743
ATOM,1275,CD,,LYS,A,169,-2.713,90.5,26.953
ATOM,1276,CE,,LYS,A,169,-2.615,90.855,28.428
ATOM,1277,NZ,,LYS,A,169,-1.75,92.054,28.62
ATOM,1278,N,,ASP,A,170,-3.75,86.905,22.578
ATOM,1279,CA,,ASP,A,170,-3.967,86.854,21.14
ATOM,1280,C,,ASP,A,170,-5.141,85.949,20.791
ATOM,1281,O,,ASP,A,170,-5.038,84.725,20.754
ATOM,1282,CB,,ASP,A,170,-2.687,86.395,20.439
ATOM,1283,CG,,ASP,A,170,-2.689,86.645,18.947
ATOM,1284,OD1,,ASP,A,170,-3.765,86.615,18.308
ATOM,1285,OD2,,ASP,A,170,-1.571,86.875,18.421
ATOM,1286,N,,THR,A,171,-6.277,86.585,20.498
ATOM,1287,CA,,THR,A,171,-7.511,85.899,20.167
ATOM,1288,C,,THR,A,171,-7.477,85.22,18.812
ATOM,1289,O,,THR,A,171,-8.392,84.441,18.529
ATOM,1290,CB,,THR,A,171,-8.689,86.904,20.247
ATOM,1291,OG1,,THR,A,171,-8.512,87.92,19.252
ATOM,1292,CG2,,THR,A,171,-8.691,87.561,21.62
ATOM,1293,N,,THR,A,172,-6.453,85.461,17.993
ATOM,1294,CA,,THR,A,172,-6.382,84.786,16.695
ATOM,1295,C,,THR,A,172,-5.996,83.319,16.913
ATOM,1296,O,,THR,A,172,-6.125,82.532,15.975
ATOM,1297,CB,,THR,A,172,-5.36,85.408,15.733
ATOM,1298,OG1,,THR,A,172,-3.996,85.244,16.139
ATOM,1299,CG2,,THR,A,172,-5.596,86.922,15.634
ATOM,1300,N,,LEU,A,173,-5.589,82.964,18.137
ATOM,1301,CA,,LEU,A,173,-5.146,81.593,18.383
ATOM,1302,C,,LEU,A,173,-6.084,80.821,19.289
ATOM,1303,O,,LEU,A,173,-6.655,81.418,20.204
ATOM,1304,CB,,LEU,A,173,-3.73,81.599,19.005
ATOM,1305,CG,,LEU,A,173,-2.625,81.936,17.998
ATOM,1306,CD1,,LEU,A,173,-1.429,82.562,18.686
ATOM,1307,CD2,,LEU,A,173,-2.276,80.713,17.167
ATOM,1308,N,,ASN,A,174,-6.199,79.519,19.065
ATOM,1309,CA,,ASN,A,174,-7.085,78.653,19.842
ATOM,1310,C,,ASN,A,174,-6.36,78.128,21.069
ATOM,1311,O,,ASN,A,174,-5.904,76.988,21.097
ATOM,1312,CB,,ASN,A,174,-7.586,77.492,18.978
ATOM,1313,CG,,ASN,A,174,-8.586,76.577,19.65
ATOM,1314,OD1,,ASN,A,174,-9.264,77.006,20.592
ATOM,1315,ND2,,ASN,A,174,-8.65,75.35,19.149
ATOM,1316,N,,TRP,A,175,-6.192,79.004,22.055
ATOM,1317,CA,,TRP,A,175,-5.571,78.624,23.302
ATOM,1318,C,,TRP,A,175,-6.549,77.856,24.186
ATOM,1319,O,,TRP,A,175,-7.69,78.274,24.383
ATOM,1320,CB,,TRP,A,175,-5.156,79.865,24.094
ATOM,1321,CG,,TRP,A,175,-3.995,80.625,23.531
ATOM,1322,CD1,,TRP,A,175,-4.071,81.699,22.687
ATOM,1323,CD2,,TRP,A,175,-2.604,80.409,23.793
ATOM,1324,NE1,,TRP,A,175,-2.808,82.145,22.395
ATOM,1325,CE2,,TRP,A,175,-1.887,81.387,23.063
ATOM,1326,CE3,,TRP,A,175,-1.906,79.503,24.586
ATOM,1327,CZ2,,TRP,A,175,-0.497,81.45,23.101
ATOM,1328,CZ3,,TRP,A,175,-0.522,79.573,24.625
ATOM,1329,CH2,,TRP,A,175,0.162,80.545,23.881
ATOM,1330,N,,LYS,A,176,-6.069,76.783,24.794
ATOM,1331,CA,,LYS,A,176,-6.829,76.036,25.779
ATOM,1332,C,,LYS,A,176,-5.952,75.847,27.013
ATOM,1333,O,,LYS,A,176,-4.861,75.259,26.944
ATOM,1334,CB,,LYS,A,176,-7.28,74.65,25.317
ATOM,1335,CG,,LYS,A,176,-8.271,74.654,24.173
ATOM,1336,CD,,LYS,A,176,-9.614,75.233,24.628
ATOM,1337,CE,,LYS,A,176,-10.615,74.972,23.503
ATOM,1338,NZ,,LYS,A,176,-11.912,75.653,23.763
ATOM,1339,N,,MET,A,177,-6.408,76.279,28.179
ATOM,1340,CA,,MET,A,177,-5.675,76.101,29.42
ATOM,1341,C,,MET,A,177,-5.89,74.683,29.933
ATOM,1342,O,,MET,A,177,-7.009,74.161,29.925
ATOM,1343,CB,,MET,A,177,-6.158,77.075,30.505
ATOM,1344,CG,,MET,A,177,-6.01,78.531,30.108
ATOM,1345,SD,,MET,A,177,-4.312,79.037,29.763
ATOM,1346,CE,,MET,A,177,-4.395,79.141,27.977
ATOM,1347,N,,VAL,A,178,-4.831,74.071,30.426
ATOM,1348,CA,,VAL,A,178,-4.923,72.743,31.001
ATOM,1349,C,,VAL,A,178,-4.406,72.793,32.425
ATOM,1350,O,,VAL,A,178,-3.336,73.345,32.664
ATOM,1351,CB,,VAL,A,178,-4.064,71.744,30.187
ATOM,1352,CG1,,VAL,A,178,-4.066,70.368,30.838
ATOM,1353,CG2,,VAL,A,178,-4.558,71.72,28.75
ATOM,1354,N,,ASP,A,179,-5.166,72.246,33.364
ATOM,1355,CA,,ASP,A,179,-4.695,72.195,34.764
ATOM,1356,C,,ASP,A,179,-3.7,71.043,34.878
ATOM,1357,O,,ASP,A,179,-4.077,69.861,34.991
ATOM,1358,CB,,ASP,A,179,-5.905,72.002,35.671
ATOM,1359,CG,,ASP,A,179,-5.491,71.813,37.124
ATOM,1360,OD1,,ASP,A,179,-4.286,71.862,37.426
ATOM,1361,OD2,,ASP,A,179,-6.436,71.575,37.927
ATOM,1362,N,,ALA,A,180,-2.426,71.404,34.753
ATOM,1363,CA,,ALA,A,180,-1.356,70.403,34.761
ATOM,1364,C,,ALA,A,180,-0.962,69.905,36.137
ATOM,1365,O,,ALA,A,180,-0.069,69.059,36.239
ATOM,1366,CB,,ALA,A,180,-0.146,70.964,34.008
ATOM,1367,N,,SER,A,181,-1.652,70.359,37.188
ATOM,1368,CA,,SER,A,181,-1.344,69.894,38.542
ATOM,1369,C,,SER,A,181,-1.957,68.544,38.867
ATOM,1370,O,,SER,A,181,-1.597,67.9,39.877
ATOM,1371,CB,,SER,A,181,-1.862,70.937,39.55
ATOM,1372,OG,,SER,A,181,-3.269,70.82,39.706
ATOM,1373,N,,LYS,A,182,-2.866,68.06,38.034
ATOM,1374,CA,,LYS,A,182,-3.518,66.773,38.237
ATOM,1375,C,,LYS,A,182,-2.563,65.631,37.91
ATOM,1376,O,,LYS,A,182,-1.426,65.902,37.55
ATOM,1377,CB,,LYS,A,182,-4.819,66.689,37.429
ATOM,1378,CG,,LYS,A,182,-5.763,67.825,37.837
ATOM,1379,CD,,LYS,A,182,-7.163,67.662,37.299
ATOM,1380,CE,,LYS,A,182,-7.275,67.913,35.811
ATOM,1381,NZ,,LYS,A,182,-8.698,67.921,35.357
ATOM,1382,N,,SER,A,183,-3.001,64.396,38.079
ATOM,1383,CA,,SER,A,183,-2.142,63.251,37.808
ATOM,1384,C,,SER,A,183,-1.796,63.204,36.317
ATOM,1385,O,,SER,A,183,-2.505,63.802,35.502
ATOM,1386,CB,,SER,A,183,-2.854,61.952,38.188
ATOM,1387,OG,,SER,A,183,-3.916,61.654,37.286
ATOM,1388,N,,ILE,A,184,-0.761,62.458,35.991
ATOM,1389,CA,,ILE,A,184,-0.39,62.308,34.575
ATOM,1390,C,,ILE,A,184,-1.572,61.808,33.751
ATOM,1391,O,,ILE,A,184,-1.844,62.339,32.661
ATOM,1392,CB,,ILE,A,184,0.814,61.353,34.457
ATOM,1393,CG1,,ILE,A,184,2.069,62.101,34.916
ATOM,1394,CG2,,ILE,A,184,0.969,60.802,33.044
ATOM,1395,CD1,,ILE,A,184,3.298,61.213,34.966
ATOM,1396,N,,GLU,A,185,-2.308,60.812,34.256
ATOM,1397,CA,,GLU,A,185,-3.442,60.253,33.536
ATOM,1398,C,,GLU,A,185,-4.608,61.225,33.426
ATOM,1399,O,,GLU,A,185,-5.236,61.286,32.362
ATOM,1400,CB,,GLU,A,185,-3.926,58.973,34.258
ATOM,1401,CG,,GLU,A,185,-2.976,57.813,34.01
ATOM,1402,CD,,GLU,A,185,-2.777,57.49,32.54
ATOM,1403,OE1,,GLU,A,185,-3.687,57.664,31.698
ATOM,1404,OE2,,GLU,A,185,-1.654,57.043,32.211
ATOM,1405,N,,ALA,A,186,-4.9,61.978,34.478
ATOM,1406,CA,,ALA,A,186,-6.005,62.92,34.424
ATOM,1407,C,,ALA,A,186,-5.724,64.053,33.44
ATOM,1408,O,,ALA,A,186,-6.595,64.507,32.703
ATOM,1409,CB,,ALA,A,186,-6.316,63.517,35.796
ATOM,1410,N,,VAL,A,187,-4.471,64.563,33.495
ATOM,1411,CA,,VAL,A,187,-4.112,65.645,32.563
ATOM,1412,C,,VAL,A,187,-4.196,65.132,31.121
ATOM,1413,O,,VAL,A,187,-4.678,65.829,30.246
ATOM,1414,CB,,VAL,A,187,-2.681,66.119,32.866
ATOM,1415,CG1,,VAL,A,187,-2.171,67.077,31.799
ATOM,1416,CG2,,VAL,A,187,-2.643,66.767,34.249
ATOM,1417,N,,HIS,A,188,-3.697,63.904,30.957
ATOM,1418,CA,,HIS,A,188,-3.75,63.295,29.626
ATOM,1419,C,,HIS,A,188,-5.181,63.226,29.115
ATOM,1420,O,,HIS,A,188,-5.443,63.521,27.938
ATOM,1421,CB,,HIS,A,188,-3.141,61.876,29.688
ATOM,1422,CG,,HIS,A,188,-3.421,61.071,28.46
ATOM,1423,ND1,,HIS,A,188,-2.986,61.435,27.214
ATOM,1424,CD2,,HIS,A,188,-4.132,59.926,28.284
ATOM,1425,CE1,,HIS,A,188,-3.385,60.538,26.312
ATOM,1426,NE2,,HIS,A,188,-4.1,59.608,26.952
ATOM,1427,N,,GLU,A,189,-6.126,62.785,29.952
ATOM,1428,CA,,GLU,A,189,-7.495,62.662,29.441
ATOM,1429,C,,GLU,A,189,-8.036,64.004,29.003
ATOM,1430,O,,GLU,A,189,-8.631,64.154,27.927
ATOM,1431,CB,,GLU,A,189,-8.389,61.945,30.437
ATOM,1432,CG,,GLU,A,189,-9.827,61.768,29.927
ATOM,1433,CD,,GLU,A,189,-9.912,60.796,28.763
ATOM,1434,OE1,,GLU,A,189,-8.901,60.146,28.427
ATOM,1435,OE2,,GLU,A,189,-11.014,60.722,28.186
ATOM,1436,N,,ASP,A,190,-7.738,65.055,29.774
ATOM,1437,CA,,ASP,A,190,-8.181,66.402,29.431
ATOM,1438,C,,ASP,A,190,-7.632,66.822,28.059
ATOM,1439,O,,ASP,A,190,-8.332,67.329,27.187
ATOM,1440,CB,,ASP,A,190,-7.75,67.414,30.497
ATOM,1441,CG,,ASP,A,190,-8.579,67.378,31.768
ATOM,1442,OD1,,ASP,A,190,-9.655,66.743,31.767
ATOM,1443,OD2,,ASP,A,190,-8.136,68.009,32.763
ATOM,1444,N,,ILE,A,191,-6.316,66.591,27.904
ATOM,1445,CA,,ILE,A,191,-5.663,66.958,26.64
ATOM,1446,C,,ILE,A,191,-6.159,66.122,25.466
ATOM,1447,O,,ILE,A,191,-6.354,66.663,24.383
ATOM,1448,CB,,ILE,A,191,-4.137,66.785,26.828
ATOM,1449,CG1,,ILE,A,191,-3.593,67.9,27.707
ATOM,1450,CG2,,ILE,A,191,-3.435,66.706,25.475
ATOM,1451,CD1,,ILE,A,191,-2.144,67.706,28.117
ATOM,1452,N,,ARG,A,192,-6.397,64.84,25.704
ATOM,1453,CA,,ARG,A,192,-6.863,63.953,24.633
ATOM,1454,C,,ARG,A,192,-8.244,64.357,24.121
ATOM,1455,O,,ARG,A,192,-8.431,64.387,22.899
ATOM,1456,CB,,ARG,A,192,-6.804,62.508,25.163
ATOM,1457,CG,,ARG,A,192,-7.069,61.472,24.076
ATOM,1458,CD,,ARG,A,192,-7.299,60.085,24.688
ATOM,1459,NE,,ARG,A,192,-8.544,60.067,25.451
ATOM,1460,CZ,,ARG,A,192,-9.725,60.085,24.815
ATOM,1461,NH1,,ARG,A,192,-9.757,60.107,23.493
ATOM,1462,NH2,,ARG,A,192,-10.846,60.098,25.524
ATOM,1463,N,,VAL,A,193,-9.144,64.661,25.039
ATOM,1464,CA,,VAL,A,193,-10.48,65.07,24.561
ATOM,1465,C,,VAL,A,193,-10.43,66.383,23.811
ATOM,1466,O,,VAL,A,193,-11.038,66.506,22.72
ATOM,1467,CB,,VAL,A,193,-11.397,65.15,25.794
ATOM,1468,CG1,,VAL,A,193,-12.685,65.849,25.414
ATOM,1469,CG2,,VAL,A,193,-11.64,63.764,26.364
ATOM,1470,N,,LEU,A,194,-9.61,67.337,24.283
ATOM,1471,CA,,LEU,A,194,-9.498,68.599,23.531
ATOM,1472,C,,LEU,A,194,-8.922,68.365,22.146
ATOM,1473,O,,LEU,A,194,-9.277,68.995,21.145
ATOM,1474,CB,,LEU,A,194,-8.612,69.633,24.254
ATOM,1475,CG,,LEU,A,194,-9.184,70.168,25.574
ATOM,1476,CD1,,LEU,A,194,-8.112,70.845,26.409
ATOM,1477,CD2,,LEU,A,194,-10.323,71.144,25.292
ATOM,1478,N,,SER,A,195,-7.952,67.452,22.062
ATOM,1479,CA,,SER,A,195,-7.282,67.127,20.817
ATOM,1480,C,,SER,A,195,-8.203,66.444,19.813
ATOM,1481,O,,SER,A,195,-8.162,66.79,18.637
ATOM,1482,CB,,SER,A,195,-6.046,66.266,21.078
ATOM,1483,OG,,SER,A,195,-5.09,67.028,21.834
ATOM,1484,N,,GLU,A,196,-9.012,65.484,20.267
ATOM,1485,CA,,GLU,A,196,-9.975,64.855,19.36
ATOM,1486,C,,GLU,A,196,-10.924,65.885,18.754
ATOM,1487,O,,GLU,A,196,-11.203,65.823,17.546
ATOM,1488,CB,,GLU,A,196,-10.787,63.799,20.122
ATOM,1489,CG,,GLU,A,196,-9.947,62.563,20.422
ATOM,1490,CD,,GLU,A,196,-10.097,61.513,19.34
ATOM,1491,OE1,,GLU,A,196,-10.733,61.767,18.277
ATOM,1492,OE2,,GLU,A,196,-9.579,60.408,19.56
ATOM,1493,N,,ASP,A,197,-11.354,66.833,19.57
ATOM,1494,CA,,ASP,A,197,-12.273,67.861,19.038
ATOM,1495,C,,ASP,A,197,-11.544,68.688,17.996
ATOM,1496,O,,ASP,A,197,-12.097,68.959,16.925
ATOM,1497,CB,,ASP,A,197,-12.82,68.708,20.176
ATOM,1498,CG,,ASP,A,197,-13.871,67.98,20.988
ATOM,1499,OD1,,ASP,A,197,-14.31,66.889,20.57
ATOM,1500,OD2,,ASP,A,197,-14.283,68.515,22.038
ATOM,1501,N,,ALA,A,198,-10.301,69.099,18.288
ATOM,1502,CA,,ALA,A,198,-9.599,69.912,17.289
ATOM,1503,C,,ALA,A,198,-9.377,69.173,15.983
ATOM,1504,O,,ALA,A,198,-9.402,69.8,14.911
ATOM,1505,CB,,ALA,A,198,-8.256,70.342,17.9
ATOM,1506,N,,ILE,A,199,-9.007,67.895,16.009
ATOM,1507,CA,,ILE,A,199,-8.725,67.126,14.806
ATOM,1508,C,,ILE,A,199,-9.955,67.067,13.899
ATOM,1509,O,,ILE,A,199,-9.85,67.188,12.676
ATOM,1510,CB,,ILE,A,199,-8.318,65.681,15.189
ATOM,1511,CG1,,ILE,A,199,-6.923,65.722,15.831
ATOM,1512,CG2,,ILE,A,199,-8.343,64.757,13.983
ATOM,1513,CD1,,ILE,A,199,-6.608,64.451,16.601
ATOM,1514,N,,ALA,A,200,-11.082,66.867,14.558
ATOM,1515,CA,,ALA,A,200,-12.34,66.804,13.801
ATOM,1516,C,,ALA,A,200,-12.751,68.155,13.232
ATOM,1517,O,,ALA,A,200,-12.82,68.324,12.007
ATOM,1518,CB,,ALA,A,200,-13.421,66.271,14.727
ATOM,1519,N,,THR,A,201,-12.986,69.106,14.121
ATOM,1520,CA,,THR,A,201,-13.525,70.406,13.78
ATOM,1521,C,,THR,A,201,-12.571,71.475,13.3
ATOM,1522,O,,THR,A,201,-12.92,72.204,12.354
ATOM,1523,CB,,THR,A,201,-14.246,71.007,15.022
ATOM,1524,OG1,,THR,A,201,-13.252,71.542,15.895
ATOM,1525,CG2,,THR,A,201,-15.041,69.926,15.736
ATOM,1526,N,,ALA,A,202,-11.449,71.667,13.978
ATOM,1527,CA,,ALA,A,202,-10.497,72.709,13.582
ATOM,1528,C,,ALA,A,202,-9.976,72.491,12.17
ATOM,1529,O,,ALA,A,202,-9.67,73.466,11.468
ATOM,1530,CB,,ALA,A,202,-9.353,72.757,14.596
ATOM,1531,N,,THR,A,203,-9.931,71.242,11.703
ATOM,1532,CA,,THR,A,203,-9.439,70.925,10.368
ATOM,1533,C,,THR,A,203,-10.33,71.272,9.184
ATOM,1534,O,,THR,A,203,-9.825,71.168,8.055
ATOM,1535,CB,,THR,A,203,-9.137,69.413,10.276
ATOM,1536,OG1,,THR,A,203,-10.272,68.69,10.763
ATOM,1537,CG2,,THR,A,203,-7.929,69.072,11.147
ATOM,1538,N,,GLU,A,204,-11.589,71.64,9.324
ATOM,1539,CA,,GLU,A,204,-12.462,71.982,8.202
ATOM,1540,C,,GLU,A,204,-12.012,73.233,7.455
ATOM,1541,O,,GLU,A,204,-12.526,73.631,6.406
ATOM,1542,CB,,GLU,A,204,-13.88,72.282,8.713
ATOM,1543,CG,,GLU,A,204,-14.717,71.069,9.062
ATOM,1544,CD,,GLU,A,204,-15.963,71.474,9.839
ATOM,1545,OE1,,GLU,A,204,-16.65,72.442,9.435
ATOM,1546,OE2,,GLU,A,204,-16.246,70.826,10.868
ATOM,1547,N,,LYS,A,205,-11.061,73.934,8.047
ATOM,1548,CA,,LYS,A,205,-10.555,75.176,7.454
ATOM,1549,C,,LYS,A,205,-9.095,74.932,7.102
ATOM,1550,O,,LYS,A,205,-8.482,74.074,7.729
ATOM,1551,CB,,LYS,A,205,-10.71,76.324,8.431
ATOM,1552,N,,PRO,A,206,-8.565,75.661,6.149
ATOM,1553,CA,,PRO,A,206,-7.192,75.533,5.732
ATOM,1554,C,,PRO,A,206,-6.206,75.882,6.865
ATOM,1555,O,,PRO,A,206,-6.568,76.652,7.743
ATOM,1556,CB,,PRO,A,206,-7.053,76.568,4.611
ATOM,1557,CG,,PRO,A,206,-8.463,76.689,4.102
ATOM,1558,CD,,PRO,A,206,-9.31,76.686,5.355
ATOM,1559,N,,LEU,A,207,-5.044,75.272,6.738
ATOM,1560,CA,,LEU,A,207,-3.963,75.555,7.701
ATOM,1561,C,,LEU,A,207,-3.671,77.05,7.626
ATOM,1562,O,,LEU,A,207,-3.46,77.543,6.516
ATOM,1563,CB,,LEU,A,207,-2.757,74.725,7.294
ATOM,1564,CG,,LEU,A,207,-1.457,74.951,8.082
ATOM,1565,CD1,,LEU,A,207,-1.648,74.443,9.496
ATOM,1566,CD2,,LEU,A,207,-0.301,74.258,7.374
ATOM,1567,N,,GLY,A,208,-3.667,77.737,8.742
ATOM,1568,CA,,GLY,A,208,-3.414,79.157,8.841
ATOM,1569,C,,GLY,A,208,-1.916,79.507,8.963
ATOM,1570,O,,GLY,A,208,-1.044,78.638,8.905
ATOM,1571,N,,GLU,A,209,-1.683,80.809,9.025
ATOM,1572,CA,,GLU,A,209,-0.319,81.339,9.143
ATOM,1573,C,,GLU,A,209,-0.237,82.076,10.468
ATOM,1574,O,,GLU,A,209,-1.098,82.878,10.832
ATOM,1575,CB,,GLU,A,209,-0.044,82.305,7.988
ATOM,1576,CG,,GLU,A,209,0.009,81.623,6.619
ATOM,1577,CD,,GLU,A,209,0.22,82.735,5.579
ATOM,1578,OE1,,GLU,A,209,1.387,83.094,5.367
ATOM,1579,OE2,,GLU,A,209,-0.78,83.242,5.044
ATOM,1580,N,,LEU,A,210,0.825,81.784,11.23
ATOM,1581,CA,,LEU,A,210,0.945,82.359,12.559
ATOM,1582,C,,LEU,A,210,1.258,83.843,12.554
ATOM,1583,O,,LEU,A,210,2.143,84.344,11.86
ATOM,1584,CB,,LEU,A,210,2.075,81.59,13.27
ATOM,1585,CG,,LEU,A,210,2.446,82.069,14.672
ATOM,1586,CD1,,LEU,A,210,1.273,81.877,15.636
ATOM,1587,CD2,,LEU,A,210,3.689,81.365,15.193
ATOM,1588,N,,TRP,A,211,0.529,84.599,13.371
ATOM,1589,CA,,TRP,A,211,0.763,86.014,13.569
ATOM,1590,C,,TRP,A,211,0.683,86.874,12.315
ATOM,1591,O,,TRP,A,211,1.359,87.917,12.227
ATOM,1592,CB,,TRP,A,211,2.084,86.205,14.335
ATOM,1593,CG,,TRP,A,211,2.018,85.667,15.737
ATOM,1594,CD1,,TRP,A,211,0.895,85.644,16.538
ATOM,1595,CD2,,TRP,A,211,3.06,85.104,16.529
ATOM,1596,NE1,,TRP,A,211,1.21,85.099,17.76
ATOM,1597,CE2,,TRP,A,211,2.533,84.731,17.777
ATOM,1598,CE3,,TRP,A,211,4.422,84.852,16.281
ATOM,1599,CZ2,,TRP,A,211,3.3,84.157,18.785
ATOM,1600,CZ3,,TRP,A,211,5.18,84.254,17.266
ATOM,1601,CH2,,TRP,A,211,4.625,83.908,18.507
ATOM,1602,N,,LYS,A,212,-0.128,86.435,11.36
ATOM,1603,CA,,LYS,A,212,-0.379,87.252,10.169
ATOM,1604,C,,LYS,A,212,-1.758,86.914,9.614
ATOM,1605,O,,LYS,A,212,-2.333,85.886,10.041
ATOM,1606,CB,,LYS,A,212,0.723,87.122,9.136
ATOM,1607,CG,,LYS,A,212,0.88,85.802,8.436
ATOM,1608,CD,,LYS,A,212,1.938,85.854,7.351
ATOM,1609,CE,,LYS,A,212,1.499,86.607,6.107
ATOM,1610,NZ,,LYS,A,212,2.52,86.445,5.031
ATOM,1611,OXT,,LYS,A,212,-2.29,87.69,8.788
HETATM,1613,G,,MG,A,401,10.117,68.649,28.049
HETATM,1614,G,,MG,A,402,5.876,95.085,12.358
HETATM,1615,P,,2DT,A,301,14.566,71.128,26.028
HETATM,1616,OP1,,2DT,A,301,16.006,70.969,26.531
HETATM,1617,OP2,,2DT,A,301,13.607,70.49,26.994
HETATM,1618,OP3,,2DT,A,301,14.447,70.694,24.603
HETATM,1619,O5',,2DT,A,301,14.381,72.644,26.358
HETATM,1620,N1,,2DT,A,301,13.534,77.542,24.131
HETATM,1621,C6,,2DT,A,301,12.759,76.679,23.372
HETATM,1622,C2,,2DT,A,301,13.927,78.789,23.649
HETATM,1623,O2,,2DT,A,301,14.593,79.576,24.301
HETATM,1624,N3,,2DT,A,301,13.468,79.097,22.373
HETATM,1625,C4,,2DT,A,301,12.689,78.27,21.584
HETATM,1626,O4,,2DT,A,301,12.389,78.681,20.456
HETATM,1627,C5,,2DT,A,301,12.359,76.999,22.136
HETATM,1628,C5M,,2DT,A,301,11.494,76.055,21.318
HETATM,1629,C2',,2DT,A,301,13.081,76.673,26.408
HETATM,1630,C5',,2DT,A,301,14.421,73.678,25.36
HETATM,1631,C4',,2DT,A,301,14.589,74.95,26.155
HETATM,1632,O4',,2DT,A,301,14.914,75.989,25.191
HETATM,1633,C1',,2DT,A,301,14.12,77.125,25.416
HETATM,1634,C3',,2DT,A,301,13.366,75.467,26.816
HETATM,1635,PG,,ANP,A,303,10.753,70.767,30.463
HETATM,1636,O1G,,ANP,A,303,11.992,70.771,31.318
HETATM,1637,O2G,,ANP,A,303,11.034,70.132,29.165
HETATM,1638,O3G,,ANP,A,303,10.056,72.102,30.528
HETATM,1639,PB,,ANP,A,303,8.272,69.184,30.653
HETATM,1640,O1B,,ANP,A,303,7.213,70.143,30.789
HETATM,1641,O2B,,ANP,A,303,8.486,68.623,29.313
HETATM,1642,N3B,,ANP,A,303,9.711,69.798,31.311
HETATM,1643,PA,,ANP,A,303,8.039,66.503,31.688
HETATM,1644,O1A,,ANP,A,303,6.901,65.893,30.955
HETATM,1645,O2A,,ANP,A,303,9.406,66.134,31.245
HETATM,1646,O3A,,ANP,A,303,7.822,68.068,31.702
HETATM,1647,O5',,ANP,A,303,7.844,66.159,33.233
HETATM,1648,C5',,ANP,A,303,8.798,66.702,34.195
HETATM,1649,C4',,ANP,A,303,8.891,65.712,35.35
HETATM,1650,O4',,ANP,A,303,7.653,65.797,36.033
HETATM,1651,C3',,ANP,A,303,9.053,64.254,34.913
HETATM,1652,O3',,ANP,A,303,9.834,63.486,35.894
HETATM,1653,C2',,ANP,A,303,7.646,63.746,34.83
HETATM,1654,O2',,ANP,A,303,7.529,62.327,35.083
HETATM,1655,C1',,ANP,A,303,6.984,64.529,35.984
HETATM,1656,N9,,ANP,A,303,5.538,64.732,35.713
HETATM,1657,C8,,ANP,A,303,4.934,65.035,34.511
HETATM,1658,N7,,ANP,A,303,3.651,65.291,34.603
HETATM,1659,C5,,ANP,A,303,3.391,65.123,35.954
HETATM,1660,C6,,ANP,A,303,2.185,65.246,36.685
HETATM,1661,N6,,ANP,A,303,1.006,65.564,36.133
HETATM,1662,N1,,ANP,A,303,2.291,65.028,38.007
HETATM,1663,C2,,ANP,A,303,3.478,64.705,38.517
HETATM,1664,N3,,ANP,A,303,4.659,64.565,37.961
HETATM,1665,C4,,ANP,A,303,4.522,64.789,36.626
HETATM,1666,O,,HOH,A,501,7.575,94.624,13.684
HETATM,1667,O,,HOH,A,502,5.548,96.973,13.514
HETATM,1668,O,,HOH,A,503,4.874,94.006,13.928
HETATM,1669,O,,HOH,A,504,9.353,70.033,26.664
HETATM,1670,O,,HOH,A,505,11.808,68.405,26.781
HETATM,1671,O,,HOH,A,506,10.958,67.068,29.196
HETATM,1672,O,,HOH,A,509,11.681,71.519,25.935
HETATM,1673,O,,HOH,A,511,3.03,76.486,32.367
HETATM,1674,O,,HOH,A,513,8.354,76.865,29.524
HETATM,1675,O,,HOH,A,518,11.574,72.413,28.105
HETATM,1676,O,,HOH,A,520,-3.327,84.239,12.211
HETATM,1677,O,,HOH,A,521,0.822,57.685,12.761
HETATM,1678,O,,HOH,A,522,0.867,61.252,38.181
HETATM,1679,O,,HOH,A,523,-5.304,63.376,11.505
HETATM,1680,O,,HOH,A,524,11.28,67.884,24.01
HETATM,1681,O,,HOH,A,525,9.462,91.001,26.351
HETATM,1682,O,,HOH,A,526,22.99,84.166,25.444
HETATM,1683,O,,HOH,A,527,-1.06,57.398,26.278
HETATM,1684,O,,HOH,A,528,-4.219,76.453,11.481
HETATM,1685,O,,HOH,A,529,24.086,88.251,24.184
HETATM,1686,O,,HOH,A,530,15.855,82.015,24.031
HETATM,1687,O,,HOH,A,531,-1.555,63.828,26.722
HETATM,1688,O,,HOH,A,532,-5.789,57.398,26.643
HETATM,1689,O,,HOH,A,533,20.282,72.956,10.375
HETATM,1690,O,,HOH,A,534,17.552,84.838,23.073
HETATM,1691,O,,HOH,A,535,-6.675,55.592,22.403
HETATM,1692,O,,HOH,A,536,-12.974,71.342,22.509
HETATM,1693,O,,HOH,A,537,-13.55,65.339,22.196
HETATM,1694,O,,HOH,A,538,-1.951,83.888,14.571
HETATM,1695,O,,HOH,A,539,0.382,65.446,40.011
HETATM,1696,O,,HOH,A,540,3.357,90.935,15.013
HETATM,1697,O,,HOH,A,541,-5.622,63.823,39.582
HETATM,1698,O,,HOH,A,542,10.701,68.86,15.121
HETATM,1699,O,,HOH,A,543,7.585,89.726,10.288
HETATM,1700,O,,HOH,A,544,12.478,90.741,14.66
HETATM,1701,O,,HOH,A,545,14.198,69.702,22.481
HETATM,1702,O,,HOH,A,546,-9.157,77.525,28.313
HETATM,1703,O,,HOH,A,547,-8.424,76.298,15.375
HETATM,1704,O,,HOH,A,548,3.584,58.29,15.641
HETATM,1705,O,,HOH,A,549,21.141,70.655,9.089
HETATM,1706,O,,HOH,A,550,6.221,94.588,21.841
HETATM,1707,O,,HOH,A,551,-7.754,59.517,21.443
HETATM,1708,O,,HOH,A,552,-5.306,78.633,16.548
HETATM,1709,O,,HOH,A,553,0.54,89.579,16.032
HETATM,1710,O,,HOH,A,554,-3.957,82.458,8.724
HETATM,1711,O,,HOH,A,555,13.806,94.276,21.254
HETATM,1712,O,,HOH,A,556,13.886,81.726,21.366
HETATM,1713,O,,HOH,A,557,4.342,58.751,21.502
HETATM,1714,O,,HOH,A,558,16.285,75.579,29.363
HETATM,1715,O,,HOH,A,559,-1.722,88.234,16.048
HETATM,1716,O,,HOH,A,560,10.404,95.165,16.44
HETATM,1717,O,,HOH,A,561,-4.423,73.579,4.46
HETATM,1718,O,,HOH,A,562,24.494,92.437,20.903
HETATM,1719,O,,HOH,A,563,0.653,87.782,20.114
HETATM,1720,O,,HOH,A,564,-0.372,53.794,20.025
HETATM,1721,O,,HOH,A,565,-8.796,69.331,4.867
HETATM,1722,O,,HOH,A,566,-0.254,71.483,4.851
HETATM,1723,O,,HOH,A,567,-2.985,71.067,4.867
HETATM,1724,O,,HOH,A,568,15.567,67.321,19.597
HETATM,1725,O,,HOH,A,569,0.486,85.006,20.641
HETATM,1726,O,,HOH,A,570,9.436,63.433,30.148
HETATM,1727,O,,HOH,A,571,10.515,83.604,18.24
HETATM,1728,O,,HOH,A,572,13.328,75.747,17.699
HETATM,1729,O,,HOH,A,573,14.404,72.154,5.541
HETATM,1730,O,,HOH,A,574,3.761,78.371,6.803
HETATM,1731,O,,HOH,A,575,0.848,77.831,6.893
HETATM,1732,O,,HOH,A,576,11.223,70.056,6.486
HETATM,1733,O,,HOH,A,577,7.454,61.494,32.698
HETATM,1734,O,,HOH,A,578,-5.971,58.828,31.081
HETATM,1735,O,,HOH,A,579,12.927,82.022,18.67
HETATM,1736,O,,HOH,A,580,5.04,87.352,6.005
HETATM,1737,O,,HOH,A,581,8.346,89.079,31.385
HETATM,1738,O,,HOH,A,582,27.248,84.46,19.21
HETATM,1739,O,,HOH,A,583,26.24,76.781,19.905
HETATM,1740,O,,HOH,A,584,16.052,88.337,32.512
HETATM,1741,O,,HOH,A,585,-10.641,73.496,19.764
HETATM,1742,O,,HOH,A,586,15.84,79.136,41.103
HETATM,1743,O,,HOH,A,587,1.5,66.094,33.175
HETATM,1744,O,,HOH,A,588,-9.182,64.184,33.456
HETATM,1745,O,,HOH,A,589,3.604,93.87,21.443
HETATM,1746,O,,HOH,A,590,20.759,74.932,8.315
HETATM,1747,O,,HOH,A,591,-5.885,60.99,8.302
HETATM,1748,O,,HOH,A,592,5.651,60.031,16.489
HETATM,1749,O,,HOH,A,593,-0.222,80.164,34.456
HETATM,1750,O,,HOH,A,594,8.193,65.305,23.315
HETATM,1751,O,,HOH,A,595,11.363,87.199,37.867
HETATM,1752,O,,HOH,A,596,-1.333,59.093,36.554
HETATM,1753,O,,HOH,A,597,6.155,61.131,37.381
HETATM,1754,O,,HOH,A,598,-6.353,59.629,10.544
HETATM,1755,O,,HOH,A,599,-7.643,64.227,10.333
HETATM,1756,O,,HOH,A,600,25.99,83.091,16.882
HETATM,1757,O,,HOH,A,601,-11.811,66.65,29.98
HETATM,1758,O,,HOH,A,602,-10.336,71.491,21.668
HETATM,1759,O,,HOH,A,603,3.601,81.795,5.466
HETATM,1760,O,,HOH,A,604,3.157,70.291,1.136
HETATM,1761,O,,HOH,A,605,5.796,70.688,1.99
HETATM,1762,O,,HOH,A,606,3.339,56.235,17.254
HETATM,1763,O,,HOH,A,607,6.921,64.207,39.772
HETATM,1764,O,,HOH,A,608,17.436,94.424,21.821
HETATM,1765,O,,HOH,A,609,-15.556,63.518,11.231
HETATM,1766,O,,HOH,A,610,5.07,93.199,26.435
HETATM,1767,O,,HOH,A,611,7.229,75.196,2.669
HETATM,1768,O,,HOH,A,612,12.429,92.372,27.492
HETATM,1769,O,,HOH,A,613,-0.497,89.087,22.331
HETATM,1770,O,,HOH,A,614,-11.652,63.385,13.498
HETATM,1771,O,,HOH,A,615,-12.983,69.236,26.918
HETATM,1772,O,,HOH,A,616,9.509,64.507,39.061
HETATM,1773,O,,HOH,A,617,-7.263,78.696,14.634
HETATM,1774,O,,HOH,A,618,-9.624,78.771,22.681
HETATM,1775,O,,HOH,A,619,-10.867,68.284,28.154
HETATM,1776,O,,HOH,A,620,-11.418,63.391,16.247
HETATM,1777,O,,HOH,A,621,-11.099,75.93,16.231
HETATM,1778,O,,HOH,A,622,5.771,78.542,4.628
HETATM,1779,O,,HOH,A,623,12.581,67.941,8.03
HETATM,1780,O,,HOH,A,624,-12.821,75.134,20.959
HETATM,1781,O,,HOH,A,625,25.387,69.874,20.196
HETATM,1782,O,,HOH,A,626,15.822,92.872,20.017
HETATM,1783,O,,HOH,A,627,-7.745,62.878,8.031
HETATM,1784,O,,HOH,A,628,10.442,90.316,30.25
HETATM,1785,O,,HOH,A,629,-1.238,52.306,17.948
HETATM,1786,O,,HOH,A,630,6.274,84.99,6.817
HETATM,1787,O,,HOH,A,631,1.917,89.048,31.542
HETATM,1788,O,,HOH,A,632,-7.526,70.818,32.55
HETATM,1789,O,,HOH,A,633,10.241,61.658,22.711
HETATM,1790,O,,HOH,A,634,12.263,64.116,35.047
HETATM,1791,O,,HOH,A,635,-9.924,65.321,36.061
HETATM,1792,O,,HOH,A,636,3.096,80.791,39.198
HETATM,1793,O,,HOH,A,637,-4.287,54.581,24.45
HETATM,1794,O,,HOH,A,638,2.948,60.522,6.073
HETATM,1795,O,,HOH,A,639,13.796,69.793,29.182
HETATM,1796,O,,HOH,A,640,-7.47,89.102,24.652
HETATM,1797,O,,HOH,A,641,-9.437,71.93,34.289
HETATM,1798,O,,HOH,A,642,11.939,64.556,25.461
HETATM,1799,O,,HOH,A,643,-3.027,74.298,37.495
HETATM,1800,O,,HOH,A,644,-6.053,78.176,11.744
HETATM,1801,O,,HOH,A,645,-5.363,59.447,38.027
HETATM,1802,O,,HOH,A,646,3.625,92.09,17.531
HETATM,1803,O,,HOH,A,647,28.584,87.365,21.972
HETATM,1804,O,,HOH,A,648,9.97,96.64,19.542
HETATM,1805,O,,HOH,A,649,21.154,90.83,25.563
HETATM,1806,O,,HOH,A,650,3.508,61.376,38.591
HETATM,1807,O,,HOH,A,651,-2.722,87.427,13.443
HETATM,1808,O,,HOH,A,652,6.354,73.335,1.509
HETATM,1809,O,,HOH,A,653,1.461,68.281,34.018
HETATM,1810,O,,HOH,A,654,22.554,67.386,11.629
HETATM,1811,O,,HOH,A,655,7.903,62.745,14.023
HETATM,1812,O,,HOH,A,656,7.598,69.501,0.874
HETATM,1813,O,,HOH,A,657,10.758,70.559,23.468
HETATM,1814,O,,HOH,A,658,1.953,90.131,10.753
HETATM,1815,O,,HOH,A,659,1.775,58.766,10.403
HETATM,1816,O,,HOH,A,660,-7.037,57.068,10.296
HETATM,1817,O,,HOH,A,661,2.865,53.06,26.878
HETATM,1818,O,,HOH,A,662,1.964,77.921,34.513
HETATM,1819,O,,HOH,A,663,-7.329,66.338,11.17
HETATM,1820,O,,HOH,A,664,-7.513,61.339,11.986
HETATM,1821,O,,HOH,A,665,8.967,59.804,22.133
HETATM,1822,O,,HOH,A,666,16.402,82.326,40.651
HETATM,1823,O,,HOH,A,667,1.547,55.782,28.366
HETATM,1824,O,,HOH,A,668,0.25,57.321,35.225
HETATM,1825,O,,HOH,A,669,-13.416,61.604,28.841
HETATM,1826,O,,HOH,A,670,-5.592,75.367,34.789
HETATM,1827,O,,HOH,A,671,-9.342,74.132,28.561
HETATM,1828,O,,HOH,A,672,-7.31,58.398,29.044
HETATM,1829,O,,HOH,A,673,3.503,67.756,41.356
HETATM,1830,O,,HOH,A,674,-8.159,71.41,30.003
HETATM,1831,O,,HOH,A,675,-0.873,54.103,32.158
HETATM,1832,O,,HOH,A,676,11.738,64.843,32.281
HETATM,1833,O,,HOH,A,677,4.831,83.72,5.086
HETATM,1834,O,,HOH,A,678,-8.796,71.818,5.847
HETATM,1835,O,,HOH,A,679,26.03,72.712,5.777
HETATM,1836,O,,HOH,A,680,22.311,73.57,6.452
HETATM,1837,O,,HOH,A,681,26.042,72.238,13.948
HETATM,1838,O,,HOH,A,682,0.854,87.815,33.908
HETATM,1839,O,,HOH,A,683,-6.774,79.076,33.951
HETATM,1840,O,,HOH,A,684,14.78,71.608,12.987
HETATM,1841,O,,HOH,A,685,-10.401,63.165,11.013
HETATM,1842,O,,HOH,A,686,14.007,82.674,42.629
HETATM,1843,O,,HOH,A,687,15.733,90.681,34.138
HETATM,1844,O,,HOH,A,688,9.582,63.312,24.66
HETATM,1845,O,,HOH,A,689,7.218,94.027,24.635
HETATM,1846,O,,HOH,A,690,-7.753,56.705,24.692
HETATM,1847,O,,HOH,A,691,6.006,59.123,19.203
HETATM,1848,O,,HOH,A,692,9.86,64.211,21.408
HETATM,1849,O,,HOH,A,693,-17.123,72.998,6.999
HETATM,1850,O,,HOH,A,694,-10.398,70.847,29.463
HETATM,1851,O,,HOH,A,695,12.133,68.12,32.582
HETATM,1852,O,,HOH,A,696,-4.946,69.148,41.523
HETATM,1853,O,,HOH,A,697,-11.581,67.366,8.357
HETATM,1854,O,,HOH,A,698,-11.026,73.133,17.152
HETATM,1855,O,,HOH,A,699,-2.94,56.327,29.527
HETATM,1856,O,,HOH,A,700,20.278,81.038,32.423
HETATM,1857,O,,HOH,A,701,-0.543,74.263,40.301
HETATM,1858,O,,HOH,A,702,25.691,83.193,25.921
HETATM,1859,O,,HOH,A,703,-9.634,61.373,7.684
HETATM,1860,O,,HOH,A,704,27.598,71.275,9.592
HETATM,1861,O,,HOH,A,705,3.186,56.805,19.728
HETATM,1862,O,,HOH,A,706,-11.03,57.717,27.652
HETATM,1863,O,,HOH,A,707,12.362,67.246,35.196
HETATM,1864,O,,HOH,A,708,27.347,72.538,18.528
HETATM,1865,O,,HOH,A,709,-5.016,67.546,2.363
HETATM,1866,O,,HOH,A,710,13.546,72.466,32.453
HETATM,1867,O,,HOH,A,711,21.177,87.199,28.4
HETATM,1868,O,,HOH,A,712,13.576,96.419,23.183
HETATM,1869,O,,HOH,A,713,6.494,56.372,19.426
HETATM,1870,O,,HOH,A,714,27.708,71.587,15.948
HETATM,1871,O,,HOH,A,715,14.527,66.805,28.692
HETATM,1872,O,,HOH,A,716,7.302,59.742,13.931
HETATM,1873,O,,HOH,A,717,13.539,72.725,30.042
HETATM,1874,O,,HOH,A,719,0.843,68.938,41.147
HETATM,1875,O,,HOH,A,720,-7.634,53.223,21.72
HETATM,1876,O,,HOH,A,721,-0.815,78.219,37.577
HETATM,1877,O,,HOH,A,722,-8.166,75.751,12.81
HETATM,1878,O,,HOH,A,723,15.37,93.241,32.851
HETATM,1879,O,,HOH,A,724,22.454,73.811,33.295
HETATM,1880,O,,HOH,A,725,7.194,81.202,37.58
HETATM,1881,O,,HOH,A,726,12.383,66.088,37.531
HETATM,1882,O,,HOH,A,727,-7.751,58.023,32.935
HETATM,1883,O,,HOH,A,728,7.57,97.904,15.095
HETATM,1884,O,,HOH,A,729,12.135,69.119,3.922
HETATM,1885,O,,HOH,A,730,9.26,76.082,38.623
HETATM,1886,O,,HOH,A,731,28.623,84.763,22.663
HETATM,1887,O,,HOH,A,732,7.829,63.349,11.515
HETATM,1888,O,,HOH,A,733,-9.645,59.913,5.658
HETATM,1889,O,,HOH,A,734,-7.728,82.547,22.435
HETATM,1890,O,,HOH,A,735,0.097,54.025,30.062
HETATM,1891,O,,HOH,A,736,-14.411,65.903,9.998
HETATM,1892,O,,HOH,A,737,14.901,67.606,26.707
HETATM,1893,O,,HOH,A,738,-2.189,59.844,3.179
HETATM,1894,O,,HOH,A,739,11.436,90.344,37.07
HETATM,1895,O,,HOH,A,740,3.621,62.008,41.139
HETATM,1896,O,,HOH,A,741,2.31,77.378,44.665
HETATM,1897,O,,HOH,A,742,8.325,90.501,34.047
HETATM,1898,O,,HOH,A,743,13.819,68.649,40.754
HETATM,1899,O,,HOH,A,744,-11.33,67.668,33.723
HETATM,1900,O,,HOH,A,745,19.457,91.31,27.198
HETATM,1901,O,,HOH,A,746,0.046,74.007,3.52
HETATM,1902,O,,HOH,A,747,21.577,92.447,23.662
HETATM,1903,O,,HOH,A,748,17.567,65.86,11.406
HETATM,1904,O,,HOH,A,749,-3.967,84.947,8.665
HETATM,1905,O,,HOH,A,750,-3.458,86.12,29.625
HETATM,1906,O,,HOH,A,753,15.832,71.074,30.642
HETATM,1907,O,,HOH,A,754,13.449,67.965,30.353
HETATM,1908,O,,HOH,A,755,16.171,66.513,30.839
HETATM,1909,O,,HOH,A,756,17.645,68.53,30.274
HETATM,1910,O,,HOH,A,757,14.136,75.32,30.146
HETATM,1911,O,,HOH,A,758,3.712,78.774,37.027
HETATM,1912,O,,HOH,A,759,9.151,76.0,35.719
HETATM,1913,O,,HOH,A,760,11.426,74.229,37.726
HETATM,1914,O,,HOH,A,761,14.239,75.514,38.525
HETATM,1915,O,,HOH,A,762,14.565,66.658,38.263
HETATM,1916,O,,HOH,A,763,12.521,65.547,28.269
HETATM,1917,O,,HOH,A,764,14.242,64.791,31.608
HETATM,1918,O,,HOH,A,765,-10.002,73.205,3.765
HETATM,1919,O,,HOH,A,766,-8.439,62.578,2.474
HETATM,1920,O,,HOH,A,767,-9.028,65.717,-0.111
HETATM,1921,O,,HOH,A,768,-7.218,66.434,2.45
HETATM,1922,O,,HOH,A,769,-11.376,69.978,6.531
HETATM,1923,O,,HOH,A,770,-15.423,68.231,11.03
HETATM,1924,O,,HOH,A,771,-14.474,68.709,7.224
HETATM,1925,O,,HOH,A,772,-14.569,62.041,9.082
HETATM,1926,O,,HOH,A,773,13.805,65.478,12.46
HETATM,1927,O,,HOH,A,774,29.042,80.615,19.718
HETATM,1928,O,,HOH,A,775,21.289,70.987,25.49
HETATM,1929,O,,HOH,A,776,26.505,70.114,22.519
HETATM,1930,O,,HOH,A,777,30.246,70.186,18.938
HETATM,1931,O,,HOH,A,778,19.427,89.024,29.852
HETATM,1932,O,,HOH,A,779,1.69,62.039,-0.624
HETATM,1933,O,,HOH,A,780,0.306,59.758,1.12
HETATM,1934,O,,HOH,A,781,1.141,58.003,8.209
HETATM,1935,O,,HOH,A,782,-3.691,61.522,2.085
HETATM,1936,O,,HOH,A,783,4.147,55.053,21.707
HETATM,1937,O,,HOH,A,784,11.941,96.123,25.083
HETATM,1938,O,,HOH,A,785,9.371,81.796,41.038
HETATM,1939,O,,HOH,A,786,3.338,92.061,20.091
HETATM,1940,O,,HOH,A,787,-0.719,91.693,17.419
HETATM,1941,O,,HOH,A,788,1.827,90.039,13.419
HETATM,1942,O,,HOH,A,789,4.081,91.2,10.976
HETATM,1943,O,,HOH,A,790,5.724,97.491,18.611
HETATM,1944,O,,HOH,A,791,6.414,96.954,21.129
HETATM,1945,O,,HOH,A,792,8.01,97.824,19.533
HETATM,1946,O,,HOH,A,793,11.722,96.524,18.052
HETATM,1947,O,,HOH,A,794,-6.556,80.902,10.963
HETATM,1948,O,,HOH,A,795,-5.007,82.107,6.617
HETATM,1949,O,,HOH,A,796,-3.239,80.096,5.28
HETATM,1950,O,,HOH,A,797,-2.901,76.99,4.008
HETATM,1951,O,,HOH,A,798,-2.886,74.721,2.789
HETATM,1952,O,,HOH,A,799,8.605,89.709,36.445
HETATM,1953,O,,HOH,A,800,9.331,81.039,38.811
HETATM,1954,O,,HOH,A,801,3.673,91.392,31.938
HETATM,1955,O,,HOH,A,802,-2.907,90.456,21.509
HETATM,1956,O,,HOH,A,803,-6.08,82.17,26.659
HETATM,1957,O,,HOH,A,804,-5.622,89.585,19.601
HETATM,1958,O,,HOH,A,805,-11.818,78.086,24.186
HETATM,1959,O,,HOH,A,806,-7.621,75.073,33.621
HETATM,1960,O,,HOH,A,807,-2.651,76.648,38.423
HETATM,1961,O,,HOH,A,808,-6.786,70.66,40.277
HETATM,1962,O,,HOH,A,809,-8.877,79.36,1.505
